nirf_id,program_level,intake_year,first_year_intake,first_year_admitted,lateral_entry_year,lateral_entry_count,graduating_year,graduating_min_time,students_placed,median_salary,students_higher_studies
IR-E-U-0439,UG,2018-19,2740,2878,2019-20,7,2021-22,2633,1669,630000,142
IR-E-U-0439,UG,2019-20,2470,2268,2020-21,4,2022-23,1961,1593,750000,165
IR-E-U-0439,UG,2020-21,2470,1734,2021-22,7,2023-24,1588,1149,800000,189
IR-E-U-0439,PG,2020-21,1445,846,,,2021-22,696,241,550000,27
IR-E-U-0439,PG,2021-22,1407,724,,,2022-23,589,333,630000,34
IR-E-U-0439,PG,2022-23,1450,618,,,2023-24,538,324,750000,22
IR-E-I-1030,UG,2017-18,120,3,2018-19,3,2020-21,3,3,120000,0
IR-E-I-1030,UG,2018-19,120,0,2019-20,7,2021-22,7,7,120000,0
IR-E-I-1030,UG,2019-20,120,3,2020-21,49,2022-23,52,52,120000,0
IR-E-C-16532,UG,2018-19,600,382,2019-20,0,2021-22,382,371,475000,11
IR-E-C-16532,UG,2019-20,600,282,2020-21,0,2022-23,282,269,516000,12
IR-E-C-16532,UG,2020-21,600,348,2021-22,0,2023-24,348,337,535000,11
IR-E-C-16622,UG,2018-19,420,90,2019-20,83,2021-22,96,65,240000,9
IR-E-C-16622,UG,2019-20,420,46,2020-21,51,2022-23,58,47,240000,7
IR-E-C-16622,UG,2020-21,360,48,2021-22,212,2023-24,25,20,300000,0
IR-E-C-16622,PG,2020-21,54,13,,,2021-22,9,3,300000,0
IR-E-C-16622,PG,2021-22,54,8,,,2022-23,6,2,300000,0
IR-E-C-16622,PG,2022-23,54,12,,,2023-24,3,1,240000,0
IR-E-C-36995,UG,2018-19,0,0,2019-20,0,2022-23,0,0,0,0
IR-E-C-36995,UG,2019-20,60,32,2020-21,0,2023-24,32,24,700000,3
IR-E-C-36995,UG,2020-21,1140,1045,2021-22,131,2023-24,1084,991,700000,92
IR-E-C-36995,UG,2017-18,0,0,2018-19,0,2021-22,0,0,0,0
IR-E-C-36995,PG,2020-21,78,55,,,2021-22,55,50,550000,5
IR-E-C-36995,PG,2021-22,78,71,,,2022-23,70,65,600000,4
IR-E-C-36995,PG,2022-23,60,32,,,2023-24,32,30,620000,2
IR-E-C-16591,UG,2018-19,360,129,2019-20,12,2021-22,95,47,216000,2
IR-E-C-16591,UG,2019-20,360,157,2020-21,25,2022-23,101,100,220000,1
IR-E-C-16591,UG,2020-21,360,201,2021-22,13,2023-24,126,110,226800,5
IR-E-C-16477,UG,2018-19,360,374,2019-20,54,2021-22,350,215,360000,21
IR-E-C-16477,UG,2019-20,360,344,2020-21,27,2022-23,322,253,450000,60
IR-E-C-16477,UG,2020-21,360,332,2021-22,52,2023-24,313,188,400000,39
IR-E-C-16482,UG,2017-18,660,473,2018-19,21,2020-21,333,167,250000,21
IR-E-C-16482,UG,2018-19,660,279,2019-20,12,2021-22,223,179,314000,1
IR-E-C-16482,UG,2019-20,480,191,2020-21,19,2022-23,158,119,400000,6
IR-E-C-16482,PG,2019-20,0,0,,,2020-21,0,0,0,0
IR-E-C-16482,PG,2020-21,60,29,,,2021-22,10,0,0,0
IR-E-C-16482,PG,2021-22,60,28,,,2022-23,6,6,300000,0
IR-E-C-16487,UG,2018-19,490,298,2019-20,40,2021-22,270,236,256000,5
IR-E-C-16487,UG,2019-20,490,170,2020-21,42,2022-23,190,148,240000,19
IR-E-C-16487,UG,2020-21,490,151,2021-22,85,2023-24,152,127,205000,11
IR-E-C-16487,PG,2020-21,81,27,,,2021-22,27,0,0,0
IR-E-C-16487,PG,2021-22,81,29,,,2022-23,18,0,0,0
IR-E-C-16487,PG,2022-23,141,58,,,2023-24,47,36,232000,0
IR-E-C-16506,UG,2018-19,645,7,2019-20,6,2021-22,13,7,50000,6
IR-E-C-16506,UG,2019-20,645,6,2020-21,10,2022-23,16,10,50000,6
IR-E-C-16506,UG,2020-21,380,15,2021-22,75,2023-24,80,15,50000,65
IR-E-C-16551,UG,2018-19,720,181,2019-20,23,2021-22,187,150,390000,5
IR-E-C-16551,UG,2019-20,720,207,2020-21,14,2022-23,211,184,480000,9
IR-E-C-16551,UG,2020-21,720,154,2021-22,65,2023-24,214,154,260000,7
IR-E-C-16551,PG,2020-21,87,34,,,2021-22,33,10,280000,0
IR-E-C-16551,PG,2021-22,87,69,,,2022-23,69,52,300000,0
IR-E-C-16551,PG,2022-23,87,62,,,2023-24,57,32,207000,0
IR-E-C-16527,UG,2018-19,540,464,2019-20,16,2021-22,470,302,377298,34
IR-E-C-16527,UG,2019-20,540,495,2020-21,6,2022-23,494,256,420000,50
IR-E-C-16527,UG,2020-21,540,503,2021-22,16,2023-24,499,300,423000,52
IR-E-C-48283,UG,2018-19,420,356,2019-20,89,2021-22,414,238,400000,23
IR-E-C-48283,UG,2019-20,420,375,2020-21,71,2022-23,369,152,300000,24
IR-E-C-48283,UG,2020-21,420,340,2021-22,100,2023-24,334,259,250000,22
IR-E-C-48283,PG,2020-21,36,2,,,2021-22,2,0,0,0
IR-E-C-48283,PG,2021-22,54,10,,,2022-23,9,2,300000,0
IR-E-C-48283,PG,2022-23,54,8,,,2023-24,7,3,240000,0
IR-E-C-16473,UG,2017-18,720,208,2018-19,36,2020-21,202,171,300000,14
IR-E-C-16473,UG,2018-19,540,182,2019-20,38,2021-22,175,162,310000,6
IR-E-C-16473,UG,2019-20,450,166,2020-21,25,2022-23,152,86,350000,3
IR-E-C-16473,PG,2019-20,84,28,,,2020-21,23,18,310000,1
IR-E-C-16473,PG,2020-21,84,17,,,2021-22,12,10,305000,0
IR-E-C-16473,PG,2021-22,84,53,,,2022-23,45,11,350000,0
IR-E-C-16614,UG,2018-19,780,716,2019-20,70,2021-22,773,462,383000,71
IR-E-C-16614,UG,2019-20,780,667,2020-21,54,2022-23,717,369,442000,69
IR-E-C-16614,UG,2020-21,780,692,2021-22,67,2023-24,727,519,550000,109
IR-E-C-16614,PG,2020-21,45,2,,,2021-22,2,2,500000,0
IR-E-C-16614,PG,2021-22,45,6,,,2022-23,6,1,500000,0
IR-E-C-16614,PG,2022-23,27,1,,,2023-24,1,1,400000,0
IR-E-C-1377,UG,2018-19,900,573,2019-20,102,2021-22,546,295,475000,14
IR-E-C-1377,UG,2019-20,900,483,2020-21,35,2022-23,507,356,515000,25
IR-E-C-1377,UG,2020-21,960,495,2021-22,47,2023-24,489,391,575000,46
IR-E-C-1377,PG,2020-21,153,23,,,2021-22,22,7,400000,0
IR-E-C-1377,PG,2021-22,90,90,,,2022-23,90,67,450000,0
IR-E-C-1377,PG,2022-23,210,128,,,2023-24,127,86,505000,5
IR-E-C-16523,UG,2018-19,240,79,2019-20,0,2021-22,70,11,400010,5
IR-E-C-16523,UG,2019-20,240,62,2020-21,0,2022-23,41,32,180000,6
IR-E-C-16523,UG,2020-21,240,59,2021-22,0,2023-24,48,35,240000,6
IR-E-C-16523,PG,2020-21,36,15,,,2021-22,14,1,420000,0
IR-E-C-16523,PG,2021-22,36,35,,,2022-23,17,0,0,0
IR-E-C-16523,PG,2022-23,36,22,,,2023-24,16,0,0,0
IR-E-C-36975,UG,2018-19,720,667,2019-20,126,2021-22,736,532,500000,17
IR-E-C-36975,UG,2019-20,720,616,2020-21,172,2022-23,725,525,460000,11
IR-E-C-36975,UG,2020-21,720,612,2021-22,172,2023-24,728,358,460000,52
IR-E-C-36975,PG,2020-21,198,133,,,2021-22,117,74,450000,2
IR-E-C-36975,PG,2021-22,198,82,,,2022-23,80,35,460000,7
IR-E-C-36975,PG,2022-23,198,129,,,2023-24,127,40,460000,19
IR-E-C-36954,UG,2018-19,990,574,2019-20,123,2021-22,651,406,297000,15
IR-E-C-36954,UG,2019-20,960,663,2020-21,148,2022-23,716,573,290000,21
IR-E-C-36954,UG,2020-21,1080,794,2021-22,193,2023-24,840,649,385000,20
IR-E-C-36954,PG,2020-21,192,125,,,2021-22,121,55,320000,2
IR-E-C-36954,PG,2021-22,168,145,,,2022-23,143,79,280000,1
IR-E-C-36954,PG,2022-23,48,33,,,2023-24,25,20,380000,1
IR-E-C-16463,UG,2018-19,840,466,2019-20,51,2021-22,492,396,350000,21
IR-E-C-16463,UG,2019-20,780,328,2020-21,43,2022-23,355,300,350000,17
IR-E-C-16463,UG,2020-21,780,281,2021-22,106,2023-24,323,300,400000,20
IR-E-C-16463,PG,2020-21,72,7,,,2021-22,7,7,350000,0
IR-E-C-16463,PG,2021-22,63,10,,,2022-23,10,10,350000,0
IR-E-C-16463,PG,2022-23,63,14,,,2023-24,12,12,400000,0
IR-E-C-45295,UG,2017-18,420,321,2018-19,12,2020-21,333,110,300000,12
IR-E-C-45295,UG,2018-19,420,170,2019-20,6,2021-22,158,87,270000,12
IR-E-C-45295,UG,2019-20,300,211,2020-21,20,2022-23,189,178,300000,9
IR-E-C-45295,PG,2019-20,24,24,,,2020-21,24,24,450000,0
IR-E-C-45295,PG,2020-21,24,20,,,2021-22,20,20,480000,0
IR-E-C-45295,PG,2021-22,24,21,,,2022-23,21,21,450000,0
IR-E-C-45287,UG,2018-19,360,180,2019-20,5,2021-22,181,176,550000,5
IR-E-C-45287,UG,2019-20,300,250,2020-21,12,2022-23,255,251,575000,4
IR-E-C-45287,UG,2020-21,360,338,2021-22,24,2023-24,360,342,580000,18
IR-E-C-45287,PG,2020-21,18,7,,,2021-22,5,5,780000,0
IR-E-C-45287,PG,2021-22,18,15,,,2022-23,15,15,800000,0
IR-E-C-45287,PG,2022-23,18,15,,,2023-24,15,15,790000,0
IR-E-C-49130,UG,2018-19,300,106,2019-20,89,2021-22,195,170,300000,7
IR-E-C-49130,UG,2019-20,300,110,2020-21,89,2022-23,199,170,300000,29
IR-E-C-49130,UG,2020-21,300,140,2021-22,86,2023-24,160,116,300000,0
IR-E-C-45288,UG,2018-19,300,200,2019-20,19,2021-22,157,110,400000,4
IR-E-C-45288,UG,2019-20,300,153,2020-21,11,2022-23,107,106,400000,1
IR-E-C-45288,UG,2020-21,300,174,2021-22,84,2023-24,108,105,350000,3
IR-E-C-45299,UG,2018-19,600,441,2019-20,29,2021-22,431,397,335000,12
IR-E-C-45299,UG,2019-20,540,330,2020-21,49,2022-23,305,255,350000,8
IR-E-C-45299,UG,2020-21,540,310,2021-22,65,2023-24,211,201,350000,10
IR-E-C-45299,PG,2020-21,72,12,,,2021-22,11,8,375000,2
IR-E-C-45299,PG,2021-22,72,27,,,2022-23,13,1,350000,0
IR-E-C-45299,PG,2022-23,72,5,,,2023-24,3,3,350000,0
IR-E-C-16548,UG,2018-19,510,69,2019-20,17,2021-22,73,63,180000,4
IR-E-C-16548,UG,2019-20,300,40,2020-21,2,2022-23,30,22,144000,5
IR-E-C-16548,UG,2020-21,270,22,2021-22,37,2023-24,34,13,240000,2
IR-E-C-16548,PG,2020-21,18,0,,,2021-22,0,0,0,0
IR-E-C-16548,PG,2021-22,18,0,,,2022-23,0,0,0,0
IR-E-C-16548,PG,2022-23,18,2,,,2023-24,2,0,0,0
IR-E-C-48266,UG,2018-19,360,230,2019-20,12,2021-22,197,151,326000,23
IR-E-C-48266,UG,2019-20,480,251,2020-21,9,2022-23,191,175,400000,4
IR-E-C-48266,UG,2020-21,480,203,2021-22,55,2023-24,167,135,850000,6
IR-E-C-49129,UG,2018-19,300,86,2019-20,13,2021-22,41,41,360000,0
IR-E-C-49129,UG,2019-20,300,36,2020-21,6,2022-23,14,14,400000,0
IR-E-C-49129,UG,2020-21,285,184,2021-22,29,2023-24,102,100,700000,1
IR-E-C-49133,UG,2018-19,300,242,2019-20,44,2021-22,262,190,400000,9
IR-E-C-49133,UG,2019-20,300,244,2020-21,32,2022-23,212,93,360000,11
IR-E-C-49133,UG,2020-21,300,257,2021-22,67,2023-24,204,89,300000,12
IR-E-C-50605,UG,2018-19,300,285,2019-20,49,2021-22,320,273,500000,20
IR-E-C-50605,UG,2019-20,300,271,2020-21,51,2022-23,300,264,750000,11
IR-E-C-50605,UG,2020-21,300,253,2021-22,55,2023-24,291,247,700000,32
IR-E-C-50605,PG,2020-21,0,0,,,2021-22,0,0,0,0
IR-E-C-50605,PG,2021-22,0,0,,,2022-23,0,0,0,0
IR-E-C-50605,PG,2022-23,24,9,,,2023-24,7,4,400000,2
IR-E-C-16504,UG,2018-19,1020,842,2019-20,142,2021-22,967,882,497000,84
IR-E-C-16504,UG,2019-20,780,661,2020-21,154,2022-23,792,631,517000,70
IR-E-C-16504,UG,2020-21,900,805,2021-22,170,2023-24,921,819,480000,54
IR-E-C-16504,PG,2020-21,108,56,,,2021-22,56,51,489000,2
IR-E-C-16504,PG,2021-22,72,56,,,2022-23,56,39,461000,0
IR-E-C-16504,PG,2022-23,72,61,,,2023-24,61,54,450000,2
IR-E-C-37003,UG,2015-16,200,205,2016-17,39,2018-19,151,73,350000,7
IR-E-C-37003,UG,2016-17,240,198,2017-18,37,2019-20,134,46,350000,2
IR-E-C-37003,UG,2017-18,240,203,2018-19,34,2020-21,202,42,400000,3
IR-E-C-37003,PG,2017-18,54,5,,,2018-19,5,2,350000,0
IR-E-C-37003,PG,2018-19,54,18,,,2019-20,17,0,0,0
IR-E-C-37003,PG,2019-20,54,7,,,2020-21,7,0,0,0
IR-E-C-39247,UG,2019-20,960,599,2020-21,126,2022-23,705,372,300000,23
IR-E-C-39247,UG,2020-21,1020,685,2021-22,230,2023-24,867,427,300000,20
IR-E-C-39247,UG,2021-22,900,811,2022-23,117,2024-25,845,758,525000,31
IR-E-C-39247,PG,2021-22,72,63,,,2022-23,63,51,365000,0
IR-E-C-39247,PG,2022-23,90,66,,,2023-24,66,61,425000,0
IR-E-C-39247,PG,2023-24,84,64,,,2024-25,52,51,400000,1
IR-E-C-37000,UG,2018-19,1140,762,2019-20,71,2021-22,714,685,240000,25
IR-E-C-37000,UG,2019-20,1140,991,2020-21,53,2022-23,795,760,320000,33
IR-E-C-37000,UG,2020-21,1140,807,2021-22,108,2023-24,744,686,425000,53
IR-E-C-37000,PG,2020-21,108,73,,,2021-22,48,38,280000,0
IR-E-C-37000,PG,2021-22,228,42,,,2022-23,24,20,320000,0
IR-E-C-37000,PG,2022-23,72,39,,,2023-24,16,6,500000,0
IR-E-C-16490,UG,2018-19,720,359,2019-20,12,2021-22,361,333,450000,21
IR-E-C-16490,UG,2019-20,720,613,2020-21,17,2022-23,602,519,475000,32
IR-E-C-16490,UG,2020-21,720,499,2021-22,76,2023-24,550,422,400000,30
IR-E-C-16490,PG,2020-21,27,1,,,2021-22,1,1,550000,0
IR-E-C-16490,PG,2021-22,27,19,,,2022-23,19,16,600000,3
IR-E-C-16490,PG,2022-23,21,13,,,2023-24,13,8,600000,2
IR-E-C-46528,UG,2018-19,600,554,2019-20,60,2021-22,500,309,450000,166
IR-E-C-46528,UG,2019-20,600,467,2020-21,53,2022-23,200,56,450000,50
IR-E-C-46528,UG,2020-21,660,279,2021-22,79,2023-24,260,8,360000,4
IR-E-C-46528,PG,2020-21,36,15,,,2021-22,0,0,0,0
IR-E-C-46528,PG,2021-22,36,6,,,2022-23,0,0,0,0
IR-E-C-46528,PG,2022-23,36,1,,,2023-24,0,0,0,0
IR-E-C-36980,UG,2017-18,480,414,2018-19,91,2020-21,399,153,250000,15
IR-E-C-36980,UG,2018-19,480,448,2019-20,48,2021-22,462,348,350000,8
IR-E-C-36980,UG,2019-20,480,437,2020-21,46,2022-23,483,299,360000,13
IR-E-C-36980,PG,2019-20,108,75,,,2020-21,71,6,360000,0
IR-E-C-36980,PG,2020-21,108,35,,,2021-22,31,6,420000,3
IR-E-C-36980,PG,2021-22,108,33,,,2022-23,29,7,450000,0
IR-E-C-36966,UG,2018-19,480,160,2019-20,8,2021-22,159,131,240000,0
IR-E-C-36966,UG,2019-20,450,148,2020-21,9,2022-23,146,144,360000,2
IR-E-C-36966,UG,2020-21,420,335,2021-22,154,2023-24,440,418,420000,12
IR-E-C-36966,PG,2020-21,45,18,,,2021-22,13,2,218000,0
IR-E-C-36966,PG,2021-22,45,34,,,2022-23,32,31,288000,0
IR-E-C-36966,PG,2022-23,72,43,,,2023-24,43,34,336000,5
IR-E-C-37028,UG,2018-19,1080,847,2019-20,180,2021-22,982,353,379000,42
IR-E-C-37028,UG,2019-20,1110,930,2020-21,173,2022-23,1016,452,401988,38
IR-E-C-37028,UG,2020-21,1110,799,2021-22,271,2023-24,991,815,450000,34
IR-E-C-37028,PG,2020-21,216,74,,,2021-22,73,67,570000,0
IR-E-C-37028,PG,2021-22,216,99,,,2022-23,95,74,570000,0
IR-E-C-37028,PG,2022-23,84,77,,,2023-24,76,57,600000,1
IR-E-C-37022,UG,2018-19,480,311,2019-20,6,2021-22,276,209,300000,30
IR-E-C-37022,UG,2019-20,480,394,2020-21,6,2022-23,392,304,310000,25
IR-E-C-37022,UG,2020-21,600,501,2021-22,16,2023-24,471,341,220000,33
IR-E-C-37022,PG,2020-21,96,37,,,2021-22,28,4,300000,0
IR-E-C-37022,PG,2021-22,24,23,,,2022-23,20,7,300000,2
IR-E-C-37022,PG,2022-23,42,15,,,2023-24,11,2,280000,1
IR-E-C-36944,UG,2018-19,870,684,2019-20,14,2021-22,560,487,476000,16
IR-E-C-36944,UG,2019-20,1050,843,2020-21,20,2022-23,766,680,485000,5
IR-E-C-36944,UG,2020-21,1050,778,2021-22,50,2023-24,795,766,700000,29
IR-E-C-36944,PG,2020-21,45,5,,,2021-22,4,1,300000,0
IR-E-C-36944,PG,2021-22,45,9,,,2022-23,4,2,306000,0
IR-E-C-36944,PG,2022-23,45,13,,,2023-24,12,10,600000,2
IR-E-C-37074,UG,2018-19,780,381,2019-20,18,2021-22,242,203,280000,3
IR-E-C-37074,UG,2019-20,660,319,2020-21,12,2022-23,197,177,310000,9
IR-E-C-37074,UG,2020-21,720,257,2021-22,29,2023-24,149,128,350000,10
IR-E-C-37074,PG,2020-21,90,0,,,2021-22,0,0,0,0
IR-E-C-37074,PG,2021-22,90,22,,,2022-23,7,7,270000,0
IR-E-C-37074,PG,2022-23,90,3,,,2023-24,2,2,350000,0
IR-E-C-37068,UG,2018-19,720,561,2019-20,15,2021-22,430,321,235000,19
IR-E-C-37068,UG,2019-20,600,225,2020-21,2,2022-23,138,117,144000,20
IR-E-C-37068,UG,2020-21,480,243,2021-22,2,2023-24,225,212,400000,6
IR-E-C-37068,PG,2020-21,72,19,,,2021-22,16,0,0,0
IR-E-C-37068,PG,2021-22,72,40,,,2022-23,30,0,0,0
IR-E-C-37068,PG,2022-23,72,46,,,2023-24,45,0,0,0
IR-E-C-37006,UG,2018-19,360,169,2019-20,26,2021-22,171,154,180000,6
IR-E-C-37006,UG,2019-20,360,149,2020-21,30,2022-23,143,137,255632,6
IR-E-C-37006,UG,2020-21,360,131,2021-22,28,2023-24,93,90,231335,3
IR-E-C-37004,UG,2018-19,780,516,2019-20,17,2021-22,387,371,275000,16
IR-E-C-37004,UG,2019-20,720,462,2020-21,38,2022-23,365,351,275000,14
IR-E-C-37004,UG,2020-21,720,475,2021-22,36,2023-24,371,313,375000,8
IR-E-C-37004,PG,2020-21,66,9,,,2021-22,8,8,370000,0
IR-E-C-37004,PG,2021-22,66,47,,,2022-23,34,34,380000,0
IR-E-C-37004,PG,2022-23,66,19,,,2023-24,11,11,385000,0
IR-E-C-36930,UG,2018-19,840,541,2019-20,20,2021-22,521,449,360000,36
IR-E-C-36930,UG,2019-20,870,661,2020-21,30,2022-23,544,515,410000,29
IR-E-C-36930,UG,2020-21,810,612,2021-22,124,2023-24,528,505,440000,21
IR-E-C-36930,PG,2020-21,63,53,,,2021-22,50,5,400000,2
IR-E-C-36930,PG,2021-22,292,262,,,2022-23,243,6,415000,3
IR-E-C-36930,PG,2022-23,420,358,,,2023-24,277,8,420000,2
IR-E-C-36930,PG,2017-18,0,0,,,2021-22,0,0,0,0
IR-E-C-36930,PG,2018-19,0,0,,,2022-23,0,0,0,0
IR-E-C-36930,PG,2019-20,0,0,,,2023-24,0,0,0,0
IR-E-C-36970,UG,2016-17,660,682,2017-18,64,2019-20,642,458,150000,14
IR-E-C-36970,UG,2017-18,540,560,2018-19,41,2020-21,518,347,150000,34
IR-E-C-36970,UG,2018-19,540,528,2019-20,13,2021-22,469,342,180000,32
IR-E-C-36970,PG,2018-19,225,145,,,2019-20,21,0,0,1
IR-E-C-36970,PG,2019-20,225,80,,,2020-21,35,0,0,0
IR-E-C-36970,PG,2020-21,225,81,,,2021-22,60,0,0,0
IR-E-C-37026,UG,2018-19,540,256,2019-20,28,2021-22,214,200,250000,2
IR-E-C-37026,UG,2019-20,510,127,2020-21,19,2022-23,102,92,250000,2
IR-E-C-37026,UG,2020-21,330,194,2021-22,20,2023-24,203,190,300000,2
IR-E-C-37026,PG,2020-21,24,1,,,2021-22,1,0,0,0
IR-E-C-37026,PG,2021-22,24,2,,,2022-23,2,0,0,0
IR-E-C-37026,PG,2022-23,24,0,,,2023-24,0,0,0,0
IR-E-C-37061,UG,2018-19,540,191,2019-20,20,2021-22,171,100,320000,10
IR-E-C-37061,UG,2019-20,510,239,2020-21,26,2022-23,154,146,340000,8
IR-E-C-37061,UG,2020-21,480,202,2021-22,63,2023-24,220,190,380000,14
IR-E-C-37061,PG,2020-21,108,21,,,2021-22,20,5,380000,0
IR-E-C-37061,PG,2021-22,54,14,,,2022-23,8,5,380000,0
IR-E-C-37061,PG,2022-23,54,50,,,2023-24,50,48,420000,2
IR-E-C-37076,UG,2018-19,300,275,2019-20,9,2021-22,166,157,360000,9
IR-E-C-37076,UG,2019-20,300,148,2020-21,4,2022-23,133,116,288000,3
IR-E-C-37076,UG,2020-21,300,155,2021-22,9,2023-24,109,102,300000,7
IR-E-C-37076,PG,2020-21,36,10,,,2021-22,10,1,260000,0
IR-E-C-37076,PG,2021-22,36,34,,,2022-23,21,1,180000,0
IR-E-C-37076,PG,2022-23,36,27,,,2023-24,6,5,260000,0
IR-E-C-37029,UG,2018-19,360,247,2019-20,6,2021-22,168,138,300000,12
IR-E-C-37029,UG,2019-20,360,53,2020-21,16,2022-23,51,46,324000,5
IR-E-C-37029,UG,2020-21,360,175,2021-22,43,2023-24,166,157,360000,5
IR-E-C-37029,PG,2020-21,84,31,,,2021-22,31,31,330000,0
IR-E-C-37029,PG,2021-22,84,77,,,2022-23,28,28,400000,0
IR-E-C-37029,PG,2022-23,108,36,,,2023-24,34,34,360000,0
IR-E-C-36941,UG,2018-19,360,207,2019-20,8,2021-22,146,136,200000,10
IR-E-C-36941,UG,2019-20,300,227,2020-21,7,2022-23,137,130,200000,7
IR-E-C-36941,UG,2020-21,300,131,2021-22,50,2023-24,66,63,400000,3
IR-E-C-36951,UG,2018-19,360,99,2019-20,6,2021-22,100,96,240000,2
IR-E-C-36951,UG,2019-20,300,72,2020-21,32,2022-23,98,96,264000,2
IR-E-C-36951,UG,2020-21,240,127,2021-22,82,2023-24,161,155,240000,6
IR-E-C-36951,PG,2020-21,36,4,,,2021-22,4,4,240000,0
IR-E-C-36951,PG,2021-22,24,13,,,2022-23,12,12,240000,0
IR-E-C-36951,PG,2022-23,24,5,,,2023-24,5,4,240000,1
IR-E-C-37058,UG,2018-19,660,350,2019-20,52,2021-22,337,312,365540,18
IR-E-C-37058,UG,2019-20,540,325,2020-21,71,2022-23,313,308,325000,5
IR-E-C-37058,UG,2020-21,660,452,2021-22,146,2023-24,554,478,360000,8
IR-E-C-37058,PG,2020-21,198,111,,,2021-22,103,42,350000,0
IR-E-C-37058,PG,2021-22,198,173,,,2022-23,121,86,350000,0
IR-E-C-37058,PG,2022-23,178,173,,,2023-24,151,90,397296,0
IR-E-C-37104,UG,2018-19,540,107,2019-20,10,2021-22,110,80,256000,21
IR-E-C-37104,UG,2019-20,360,204,2020-21,2,2022-23,160,56,260000,25
IR-E-C-37104,UG,2020-21,330,68,2021-22,91,2023-24,127,98,363000,12
IR-E-C-37104,PG,2020-21,54,13,,,2021-22,5,5,200000,0
IR-E-C-37104,PG,2021-22,54,21,,,2022-23,8,7,250000,1
IR-E-C-37104,PG,2022-23,54,54,,,2023-24,54,5,420000,0
IR-E-C-36956,UG,2018-19,420,112,2019-20,5,2021-22,73,62,312000,11
IR-E-C-36956,UG,2019-20,420,111,2020-21,17,2022-23,39,32,324000,7
IR-E-C-36956,UG,2020-21,270,55,2021-22,114,2023-24,61,59,330000,2
IR-E-C-36956,PG,2020-21,12,0,,,2021-22,0,0,0,0
IR-E-C-36956,PG,2021-22,12,6,,,2022-23,3,3,384000,0
IR-E-C-36956,PG,2022-23,12,0,,,2023-24,0,0,0,0
IR-E-C-16580,UG,2016-17,480,243,2017-18,75,2019-20,52,47,200000,5
IR-E-C-16580,UG,2017-18,480,226,2018-19,61,2020-21,172,50,276000,0
IR-E-C-16580,UG,2018-19,480,245,2019-20,57,2021-22,149,35,360000,0
IR-E-C-37016,UG,2018-19,480,198,2019-20,12,2021-22,179,140,320000,7
IR-E-C-37016,UG,2019-20,480,56,2020-21,31,2022-23,56,54,395000,2
IR-E-C-37016,UG,2020-21,480,90,2021-22,30,2023-24,54,43,370000,11
IR-E-C-37016,PG,2020-21,72,15,,,2021-22,15,15,360000,0
IR-E-C-37016,PG,2021-22,72,45,,,2022-23,13,13,360000,0
IR-E-C-37016,PG,2022-23,72,36,,,2023-24,10,10,360000,0
IR-E-C-37099,UG,2018-19,720,390,2019-20,28,2021-22,364,315,214000,33
IR-E-C-37099,UG,2019-20,630,414,2020-21,35,2022-23,385,362,300000,17
IR-E-C-37099,UG,2020-21,750,680,2021-22,28,2023-24,593,575,340000,18
IR-E-C-37099,PG,2020-21,138,97,,,2021-22,85,62,208000,1
IR-E-C-37099,PG,2021-22,138,138,,,2022-23,92,82,250000,1
IR-E-C-37099,PG,2022-23,150,119,,,2023-24,87,86,350000,1
IR-E-C-37099,PG,2017-18,0,0,,,2021-22,0,0,0,0
IR-E-C-37099,PG,2018-19,0,0,,,2022-23,0,0,0,0
IR-E-C-37099,PG,2019-20,0,0,,,2023-24,0,0,0,0
IR-E-C-37063,UG,2018-19,1440,1182,2019-20,131,2021-22,1249,528,379000,169
IR-E-C-37063,UG,2019-20,1500,1158,2020-21,118,2022-23,1232,913,412000,174
IR-E-C-37063,UG,2020-21,1440,1162,2021-22,293,2023-24,1415,1144,490000,171
IR-E-C-37063,PG,2020-21,63,54,,,2021-22,54,53,450000,1
IR-E-C-37063,PG,2021-22,81,65,,,2022-23,62,57,478000,2
IR-E-C-37063,PG,2022-23,81,42,,,2023-24,42,41,510000,1
IR-E-C-36974,UG,2017-18,462,322,2018-19,39,2020-21,343,88,306000,5
IR-E-C-36974,UG,2018-19,462,297,2019-20,49,2021-22,333,147,250000,4
IR-E-C-36974,UG,2019-20,462,292,2020-21,26,2022-23,310,77,140000,11
IR-E-C-36974,PG,2019-20,48,13,,,2020-21,13,4,240000,0
IR-E-C-36974,PG,2020-21,36,2,,,2021-22,2,1,240000,0
IR-E-C-36974,PG,2021-22,36,9,,,2022-23,9,2,140000,0
IR-E-C-37065,UG,2019-20,1680,1417,2020-21,178,2022-23,1444,1197,450000,54
IR-E-C-37065,UG,2020-21,1680,1285,2021-22,306,2023-24,1310,1066,350000,48
IR-E-C-37065,UG,2021-22,1620,1467,2022-23,223,2024-25,1450,1105,400000,49
IR-E-C-37065,PG,2021-22,102,44,,,2022-23,41,29,400000,2
IR-E-C-37065,PG,2022-23,66,45,,,2023-24,40,22,300000,0
IR-E-C-37065,PG,2023-24,42,28,,,2024-25,25,16,300000,0
IR-E-C-36926,UG,2018-19,1260,1203,2019-20,155,2021-22,1287,980,400000,222
IR-E-C-36926,UG,2019-20,1260,1093,2020-21,190,2022-23,1197,970,500000,196
IR-E-C-36926,UG,2020-21,1320,1070,2021-22,313,2023-24,1229,949,500000,208
IR-E-C-36926,PG,2020-21,210,141,,,2021-22,135,103,350000,4
IR-E-C-36926,PG,2021-22,210,169,,,2022-23,161,138,400000,5
IR-E-C-36926,PG,2022-23,240,155,,,2023-24,144,136,400000,5
IR-E-C-36958,UG,2018-19,840,511,2019-20,135,2021-22,629,619,420000,10
IR-E-C-36958,UG,2019-20,720,595,2020-21,153,2022-23,662,646,423000,16
IR-E-C-36958,UG,2020-21,720,521,2021-22,221,2023-24,688,637,414000,28
IR-E-C-36958,PG,2020-21,72,51,,,2021-22,51,51,400000,0
IR-E-C-36958,PG,2021-22,72,55,,,2022-23,55,54,410000,1
IR-E-C-36958,PG,2022-23,24,24,,,2023-24,19,18,411000,1
IR-E-C-37015,UG,2018-19,915,472,2019-20,13,2021-22,406,290,288000,37
IR-E-C-37015,UG,2019-20,855,266,2020-21,12,2022-23,214,162,295000,17
IR-E-C-37015,UG,2020-21,990,750,2021-22,4,2023-24,94,77,210000,4
IR-E-C-37015,PG,2020-21,66,19,,,2021-22,19,17,322000,2
IR-E-C-37015,PG,2021-22,66,29,,,2022-23,29,25,329500,3
IR-E-C-37015,PG,2022-23,66,2,,,2023-24,1,1,240000,0
IR-E-C-37089,UG,2018-19,1020,991,2019-20,103,2021-22,1058,742,452000,55
IR-E-C-37089,UG,2019-20,1020,920,2020-21,108,2022-23,967,745,480000,78
IR-E-C-37089,UG,2020-21,1080,893,2021-22,219,2023-24,993,858,540000,72
IR-E-C-37089,PG,2020-21,42,9,,,2021-22,9,3,550000,0
IR-E-C-37089,PG,2021-22,42,18,,,2022-23,16,2,420000,3
IR-E-C-37089,PG,2022-23,42,7,,,2023-24,7,5,500000,2
IR-E-C-37089,PG,2017-18,0,0,,,2021-22,0,0,0,0
IR-E-C-37089,PG,2018-19,0,0,,,2022-23,0,0,0,0
IR-E-C-37089,PG,2019-20,0,0,,,2023-24,0,0,0,0
IR-E-C-37094,UG,2018-19,900,690,2019-20,41,2021-22,699,574,300000,52
IR-E-C-37094,UG,2019-20,900,708,2020-21,35,2022-23,706,557,325000,22
IR-E-C-37094,UG,2020-21,780,730,2021-22,47,2023-24,738,501,325000,30
IR-E-C-37094,PG,2020-21,75,19,,,2021-22,19,15,275000,2
IR-E-C-37094,PG,2021-22,57,21,,,2022-23,19,10,350000,0
IR-E-C-37094,PG,2022-23,75,13,,,2023-24,13,10,350000,0
IR-E-C-37032,UG,2018-19,780,435,2019-20,40,2021-22,459,252,300000,27
IR-E-C-37032,UG,2019-20,600,330,2020-21,25,2022-23,335,172,400000,6
IR-E-C-37032,UG,2020-21,540,295,2021-22,64,2023-24,309,175,350000,24
IR-E-C-37032,PG,2020-21,45,30,,,2021-22,30,1,285120,1
IR-E-C-37032,PG,2021-22,27,19,,,2022-23,15,15,400000,0
IR-E-C-37032,PG,2022-23,27,6,,,2023-24,4,4,250000,0
IR-E-C-36947,UG,2018-19,1200,658,2019-20,192,2021-22,831,753,461000,61
IR-E-C-36947,UG,2019-20,1020,708,2020-21,226,2022-23,917,799,521000,93
IR-E-C-36947,UG,2020-21,930,658,2021-22,192,2023-24,831,753,545000,61
IR-E-C-36947,PG,2020-21,24,16,,,2021-22,14,11,360000,1
IR-E-C-36947,PG,2021-22,24,16,,,2022-23,12,11,400000,1
IR-E-C-36947,PG,2022-23,24,10,,,2023-24,9,8,420000,1
IR-E-C-37080,UG,2018-19,1020,456,2019-20,27,2021-22,379,354,583000,25
IR-E-C-37080,UG,2019-20,930,763,2020-21,41,2022-23,692,628,509000,57
IR-E-C-37080,UG,2020-21,930,534,2021-22,120,2023-24,550,469,570050,73
IR-E-C-37080,PG,2020-21,84,36,,,2021-22,36,36,496540,0
IR-E-C-37080,PG,2021-22,90,26,,,2022-23,26,19,476450,5
IR-E-C-37080,PG,2022-23,90,17,,,2023-24,17,15,561000,2
IR-E-C-36938,UG,2018-19,360,271,2019-20,8,2021-22,181,158,214000,9
IR-E-C-36938,UG,2019-20,300,119,2020-21,30,2022-23,124,106,250000,11
IR-E-C-36938,UG,2020-21,300,98,2021-22,112,2023-24,180,171,300000,9
IR-E-C-36938,PG,2020-21,68,10,,,2021-22,9,8,425000,0
IR-E-C-36938,PG,2021-22,68,22,,,2022-23,14,14,350000,0
IR-E-C-36938,PG,2022-23,68,10,,,2023-24,10,9,360000,1
IR-E-C-37031,UG,2017-18,600,164,2018-19,29,2020-21,155,93,300000,4
IR-E-C-37031,UG,2018-19,450,109,2019-20,5,2021-22,67,52,400000,2
IR-E-C-37031,UG,2019-20,360,53,2020-21,0,2022-23,35,30,250000,4
IR-E-C-37031,PG,2019-20,87,39,,,2020-21,36,18,300000,0
IR-E-C-37031,PG,2020-21,87,15,,,2021-22,14,10,350000,0
IR-E-C-37031,PG,2021-22,87,31,,,2022-23,26,16,300000,0
IR-E-C-37036,UG,2018-19,600,387,2019-20,21,2021-22,380,309,452000,49
IR-E-C-37036,UG,2019-20,480,358,2020-21,58,2022-23,362,314,460000,40
IR-E-C-37036,UG,2020-21,600,405,2021-22,155,2023-24,515,345,780000,163
IR-E-C-37036,PG,2020-21,12,10,,,2021-22,10,10,400000,0
IR-E-C-37036,PG,2021-22,12,10,,,2022-23,10,10,424000,0
IR-E-C-37036,PG,2022-23,12,12,,,2023-24,12,6,755000,6
IR-E-C-37035,UG,2018-19,420,134,2019-20,2,2021-22,117,109,250000,0
IR-E-C-37035,UG,2019-20,420,365,2020-21,5,2022-23,149,143,350000,3
IR-E-C-37035,UG,2020-21,420,348,2021-22,55,2023-24,228,228,300000,0
IR-E-C-36929,UG,2018-19,540,361,2019-20,21,2021-22,340,276,300000,29
IR-E-C-36929,UG,2019-20,660,513,2020-21,96,2022-23,450,428,450000,22
IR-E-C-36929,UG,2020-21,600,416,2021-22,96,2023-24,392,360,460000,23
IR-E-C-36929,PG,2020-21,36,2,,,2021-22,1,0,0,0
IR-E-C-36929,PG,2021-22,36,21,,,2022-23,16,16,450000,0
IR-E-C-36929,PG,2022-23,27,9,,,2023-24,6,4,480000,0
IR-E-C-37057,UG,2018-19,660,441,2019-20,25,2021-22,466,299,450000,13
IR-E-C-37057,UG,2019-20,660,441,2020-21,25,2022-23,453,366,550000,25
IR-E-C-37057,UG,2020-21,660,599,2021-22,53,2023-24,588,472,480000,33
IR-E-C-37057,PG,2020-21,45,8,,,2021-22,4,4,400000,0
IR-E-C-37057,PG,2021-22,45,16,,,2022-23,11,9,500000,0
IR-E-C-37057,PG,2022-23,45,8,,,2023-24,7,6,500000,0
IR-E-C-37041,UG,2018-19,540,234,2019-20,61,2021-22,250,204,350000,5
IR-E-C-37041,UG,2019-20,420,234,2020-21,37,2022-23,230,225,320000,2
IR-E-C-37041,UG,2020-21,420,148,2021-22,173,2023-24,261,246,216000,0
IR-E-C-37041,PG,2020-21,27,4,,,2021-22,4,0,0,0
IR-E-C-37041,PG,2021-22,27,6,,,2022-23,6,0,0,0
IR-E-C-37041,PG,2022-23,27,2,,,2023-24,2,0,0,0
IR-E-C-37087,UG,2019-20,360,143,2020-21,58,2022-23,90,90,240000,0
IR-E-C-37087,UG,2020-21,360,172,2021-22,198,2023-24,205,203,270000,2
IR-E-C-37087,UG,2021-22,360,205,2022-23,126,2024-25,116,115,385000,1
IR-E-C-37087,PG,2021-22,114,38,,,2022-23,22,0,0,0
IR-E-C-37087,PG,2022-23,114,22,,,2023-24,11,0,0,0
IR-E-C-37087,PG,2023-24,24,19,,,2024-25,11,0,0,0
IR-E-C-37070,UG,2018-19,660,582,2019-20,45,2021-22,568,529,455000,38
IR-E-C-37070,UG,2019-20,660,628,2020-21,36,2022-23,574,529,670000,45
IR-E-C-37070,UG,2020-21,660,544,2021-22,60,2023-24,581,527,820000,54
IR-E-C-37070,PG,2020-21,90,76,,,2021-22,68,26,480000,2
IR-E-C-37070,PG,2021-22,90,76,,,2022-23,66,36,700000,2
IR-E-C-37070,PG,2022-23,90,46,,,2023-24,40,30,600000,3
IR-E-C-36989,UG,2018-19,480,223,2019-20,7,2021-22,212,182,400000,4
IR-E-C-36989,UG,2019-20,480,256,2020-21,11,2022-23,238,152,320000,5
IR-E-C-36989,UG,2020-21,480,282,2021-22,76,2023-24,202,169,400000,16
IR-E-C-36989,PG,2020-21,18,1,,,2021-22,1,0,0,0
IR-E-C-36989,PG,2021-22,18,6,,,2022-23,6,0,0,0
IR-E-C-36989,PG,2022-23,18,6,,,2023-24,4,3,319000,0
IR-E-C-37038,UG,2018-19,540,176,2019-20,3,2021-22,134,84,300000,1
IR-E-C-37038,UG,2019-20,330,303,2020-21,5,2022-23,189,174,350000,6
IR-E-C-37038,UG,2020-21,330,150,2021-22,51,2023-24,177,163,280000,1
IR-E-C-37038,PG,2020-21,27,0,,,2021-22,0,0,0,0
IR-E-C-37038,PG,2021-22,27,2,,,2022-23,2,1,350000,0
IR-E-C-37038,PG,2022-23,12,1,,,2023-24,1,1,294000,0
IR-E-C-16511,UG,2018-19,630,118,2019-20,14,2021-22,132,88,250000,6
IR-E-C-16511,UG,2019-20,540,156,2020-21,10,2022-23,143,107,250000,13
IR-E-C-16511,UG,2020-21,480,88,2021-22,42,2023-24,70,49,280000,7
IR-E-C-16511,PG,2020-21,42,14,,,2021-22,12,0,0,0
IR-E-C-16511,PG,2021-22,42,12,,,2022-23,8,0,0,0
IR-E-C-16511,PG,2022-23,42,7,,,2023-24,5,0,0,0
IR-E-C-37043,UG,2017-18,450,129,2018-19,16,2020-21,115,106,175000,7
IR-E-C-37043,UG,2018-19,330,61,2019-20,4,2021-22,56,47,120000,5
IR-E-C-37043,UG,2019-20,210,70,2020-21,0,2022-23,61,39,250000,13
IR-E-C-37043,PG,2019-20,36,2,,,2020-21,1,1,450000,0
IR-E-C-37043,PG,2020-21,24,2,,,2021-22,2,2,355000,0
IR-E-C-37043,PG,2021-22,27,6,,,2022-23,3,3,332000,0
IR-E-C-37090,UG,2018-19,300,93,2019-20,2,2021-22,64,52,180000,0
IR-E-C-37090,UG,2019-20,300,57,2020-21,4,2022-23,39,39,180000,0
IR-E-C-37090,UG,2020-21,300,178,2021-22,0,2023-24,137,133,520000,4
IR-E-C-37051,UG,2018-19,420,169,2019-20,37,2021-22,108,86,264000,2
IR-E-C-37051,UG,2019-20,360,132,2020-21,10,2022-23,84,72,300000,2
IR-E-C-37051,UG,2020-21,390,74,2021-22,11,2023-24,47,44,240000,0
IR-E-C-37051,PG,2020-21,144,81,,,2021-22,18,13,240000,0
IR-E-C-37051,PG,2021-22,144,93,,,2022-23,63,27,252000,0
IR-E-C-37051,PG,2022-23,144,36,,,2023-24,30,20,240000,0
IR-E-C-37021,UG,2018-19,540,139,2019-20,115,2021-22,213,207,350000,4
IR-E-C-37021,UG,2019-20,360,119,2020-21,63,2022-23,133,126,240000,7
IR-E-C-37021,UG,2020-21,300,293,2021-22,13,2023-24,217,197,300000,15
IR-E-C-36985,UG,2018-19,390,200,2019-20,20,2021-22,150,25,240000,5
IR-E-C-36985,UG,2019-20,330,124,2020-21,20,2022-23,64,59,240000,5
IR-E-C-36985,UG,2020-21,270,107,2021-22,64,2023-24,121,116,364489,1
IR-E-C-36985,PG,2020-21,36,36,,,2021-22,30,0,0,0
IR-E-C-36985,PG,2021-22,36,32,,,2022-23,13,0,0,0
IR-E-C-36985,PG,2022-23,36,20,,,2023-24,4,0,0,0
IR-E-C-36999,UG,2018-19,900,687,2019-20,94,2021-22,765,461,336000,33
IR-E-C-36999,UG,2019-20,900,702,2020-21,39,2022-23,704,476,460000,45
IR-E-C-36999,UG,2020-21,900,913,2021-22,90,2023-24,956,902,500000,47
IR-E-C-36999,PG,2020-21,54,54,,,2021-22,54,44,450000,1
IR-E-C-36999,PG,2021-22,63,63,,,2022-23,54,51,420000,1
IR-E-C-36999,PG,2022-23,63,53,,,2023-24,51,49,450000,1
IR-E-C-37055,UG,2017-18,660,445,2018-19,26,2020-21,413,267,290000,9
IR-E-C-37055,UG,2018-19,660,339,2019-20,18,2021-22,288,202,310000,11
IR-E-C-37055,UG,2019-20,720,239,2020-21,37,2022-23,124,73,325000,7
IR-E-C-37055,PG,2019-20,72,12,,,2020-21,12,10,400000,0
IR-E-C-37055,PG,2020-21,72,13,,,2021-22,13,12,400000,0
IR-E-C-37055,PG,2021-22,72,17,,,2022-23,8,8,400000,0
IR-E-C-37001,UG,2018-19,555,220,2019-20,8,2021-22,165,116,400000,47
IR-E-C-37001,UG,2019-20,600,178,2020-21,17,2022-23,124,97,400000,27
IR-E-C-37001,UG,2020-21,330,118,2021-22,120,2023-24,185,151,420000,34
IR-E-C-37001,PG,2020-21,84,29,,,2021-22,20,13,500000,7
IR-E-C-37001,PG,2021-22,84,51,,,2022-23,35,28,500000,7
IR-E-C-37001,PG,2022-23,84,52,,,2023-24,40,32,550000,8
IR-E-C-25020,UG,2018-19,270,114,2019-20,8,2021-22,92,86,240000,3
IR-E-C-25020,UG,2019-20,270,176,2020-21,5,2022-23,112,110,250000,2
IR-E-C-25020,UG,2020-21,270,156,2021-22,52,2023-24,92,92,250000,0
IR-E-C-25020,PG,2020-21,32,8,,,2021-22,8,0,0,0
IR-E-C-25020,PG,2021-22,36,5,,,2022-23,5,0,0,0
IR-E-C-25020,PG,2022-23,36,2,,,2023-24,2,0,0,0
IR-E-C-25014,UG,2018-19,420,195,2019-20,10,2021-22,171,115,210000,5
IR-E-C-25014,UG,2019-20,330,203,2020-21,24,2022-23,200,135,204000,11
IR-E-C-25014,UG,2020-21,330,313,2021-22,28,2023-24,203,182,216000,12
IR-E-C-25014,PG,2020-21,18,12,,,2021-22,11,0,0,0
IR-E-C-25014,PG,2021-22,18,5,,,2022-23,3,3,300000,0
IR-E-C-25014,PG,2022-23,18,7,,,2023-24,7,6,300000,1
IR-E-C-24999,UG,2017-18,300,174,2018-19,14,2020-21,134,12,120000,5
IR-E-C-24999,UG,2018-19,300,80,2019-20,13,2021-22,77,35,120000,6
IR-E-C-24999,UG,2019-20,300,128,2020-21,22,2022-23,78,49,120000,4
IR-E-C-49138,UG,2018-19,300,48,2019-20,6,2021-22,12,11,234000,1
IR-E-C-49138,UG,2019-20,246,27,2020-21,16,2022-23,16,14,276000,2
IR-E-C-49138,UG,2020-21,246,108,2021-22,21,2023-24,35,35,225000,0
IR-E-C-49141,UG,2019-20,300,267,2020-21,39,2022-23,205,131,334000,8
IR-E-C-49141,UG,2020-21,300,248,2021-22,66,2023-24,213,130,350000,9
IR-E-C-49141,UG,2021-22,300,228,2022-23,63,2024-25,231,183,300000,9
IR-E-C-49142,UG,2018-19,252,252,2019-20,61,2021-22,272,115,375000,12
IR-E-C-49142,UG,2019-20,268,268,2020-21,42,2022-23,260,82,375000,9
IR-E-C-49142,UG,2020-21,235,232,2021-22,68,2023-24,186,164,360000,9
IR-E-C-25054,UG,2017-18,600,531,2018-19,34,2020-21,541,493,410000,18
IR-E-C-25054,UG,2018-19,600,376,2019-20,28,2021-22,363,342,468000,6
IR-E-C-25054,UG,2019-20,480,445,2020-21,34,2022-23,448,402,512000,28
IR-E-C-25054,PG,2019-20,54,5,,,2020-21,5,5,300000,0
IR-E-C-25054,PG,2020-21,24,7,,,2021-22,7,7,342000,0
IR-E-C-25054,PG,2021-22,24,16,,,2022-23,16,16,448000,0
IR-E-C-25002,UG,2018-19,300,162,2019-20,14,2021-22,108,80,174000,8
IR-E-C-25002,UG,2019-20,300,130,2020-21,101,2022-23,146,126,189000,4
IR-E-C-25002,UG,2020-21,300,211,2021-22,101,2023-24,131,127,300000,4
IR-E-C-25002,PG,2020-21,96,53,,,2021-22,50,50,352000,0
IR-E-C-25002,PG,2021-22,96,91,,,2022-23,43,42,372000,1
IR-E-C-25002,PG,2022-23,96,20,,,2023-24,9,4,320000,1
IR-E-C-25016,UG,2018-19,300,68,2019-20,3,2021-22,38,25,300000,2
IR-E-C-25016,UG,2019-20,300,20,2020-21,33,2022-23,28,15,300000,1
IR-E-C-25016,UG,2020-21,270,86,2021-22,173,2023-24,60,44,300000,3
IR-E-C-25016,PG,2020-21,18,3,,,2021-22,2,2,400000,0
IR-E-C-25016,PG,2021-22,18,18,,,2022-23,12,8,400000,0
IR-E-C-25016,PG,2022-23,18,11,,,2023-24,7,5,400000,0
IR-E-C-25007,UG,2018-19,420,158,2019-20,3,2021-22,96,95,225000,1
IR-E-C-25007,UG,2019-20,420,140,2020-21,11,2022-23,43,43,250000,0
IR-E-C-25007,UG,2020-21,420,192,2021-22,40,2023-24,74,74,252000,0
IR-E-C-25007,PG,2020-21,18,2,,,2021-22,2,2,250000,0
IR-E-C-25007,PG,2021-22,18,11,,,2022-23,2,2,300000,0
IR-E-C-25007,PG,2022-23,18,5,,,2023-24,4,4,200000,0
IR-E-C-25028,UG,2017-18,480,324,2018-19,22,2020-21,303,274,325000,18
IR-E-C-25028,UG,2018-19,480,203,2019-20,23,2021-22,209,188,350000,21
IR-E-C-25028,UG,2019-20,420,191,2020-21,35,2022-23,177,152,400000,25
IR-E-C-25028,PG,2019-20,27,0,,,2020-21,0,0,0,0
IR-E-C-25028,PG,2020-21,18,5,,,2021-22,4,4,325000,0
IR-E-C-25028,PG,2021-22,18,4,,,2022-23,4,3,500000,0
IR-E-C-25004,UG,2019-20,660,378,2020-21,17,2022-23,306,300,250000,5
IR-E-C-25004,UG,2020-21,540,285,2021-22,50,2023-24,238,225,300000,5
IR-E-C-25004,UG,2021-22,540,363,2022-23,34,2024-25,360,200,350000,10
IR-E-C-24993,UG,2018-19,540,247,2019-20,12,2021-22,256,134,450000,0
IR-E-C-24993,UG,2019-20,516,300,2020-21,12,2022-23,291,253,370000,14
IR-E-C-24993,UG,2020-21,516,215,2021-22,114,2023-24,163,157,240000,5
IR-E-C-24993,PG,2020-21,60,13,,,2021-22,5,1,450000,0
IR-E-C-24993,PG,2021-22,60,15,,,2022-23,15,13,350000,0
IR-E-C-24993,PG,2022-23,60,18,,,2023-24,15,11,300000,0
IR-E-C-24984,UG,2018-19,1500,812,2019-20,42,2021-22,791,557,290000,25
IR-E-C-24984,UG,2019-20,1320,897,2020-21,75,2022-23,844,600,270000,10
IR-E-C-24984,UG,2020-21,1380,806,2021-22,200,2023-24,776,758,450000,18
IR-E-C-24984,PG,2020-21,72,8,,,2021-22,6,0,0,0
IR-E-C-24984,PG,2021-22,72,7,,,2022-23,7,0,0,0
IR-E-C-24984,PG,2022-23,72,9,,,2023-24,7,7,600000,0
IR-E-C-50925,UG,2018-19,420,332,2019-20,17,2021-22,335,133,350000,24
IR-E-C-50925,UG,2019-20,420,256,2020-21,5,2022-23,227,143,540000,10
IR-E-C-50925,UG,2020-21,420,210,2021-22,3,2023-24,181,123,419000,16
IR-E-C-25012,UG,2018-19,840,200,2019-20,8,2021-22,160,96,276000,10
IR-E-C-25012,UG,2019-20,690,249,2020-21,9,2022-23,115,69,300000,7
IR-E-C-25012,UG,2020-21,690,287,2021-22,15,2023-24,198,98,350000,15
IR-E-C-25012,PG,2020-21,171,57,,,2021-22,50,30,336000,2
IR-E-C-25012,PG,2021-22,171,133,,,2022-23,82,49,360000,1
IR-E-C-25012,PG,2022-23,270,127,,,2023-24,98,52,375000,2
IR-E-C-25046,UG,2018-19,630,277,2019-20,80,2021-22,333,272,405000,57
IR-E-C-25046,UG,2019-20,510,305,2020-21,91,2022-23,311,305,415000,5
IR-E-C-25046,UG,2020-21,420,194,2021-22,203,2023-24,208,200,425000,8
IR-E-U-0443,UG,2018-19,1200,543,2019-20,65,2021-22,463,321,321400,120
IR-E-U-0443,UG,2019-20,1380,864,2020-21,72,2022-23,719,473,380800,168
IR-E-U-0443,UG,2020-21,1380,750,2021-22,172,2023-24,649,262,250000,212
IR-E-U-0443,PG,2020-21,225,29,,,2021-22,28,21,411500,5
IR-E-U-0443,PG,2021-22,216,21,,,2022-23,20,18,428600,2
IR-E-U-0443,PG,2022-23,216,26,,,2023-24,22,17,426700,5
IR-E-C-25010,UG,2018-19,480,156,2019-20,18,2021-22,126,80,300000,11
IR-E-C-25010,UG,2019-20,480,187,2020-21,23,2022-23,136,74,320000,7
IR-E-C-25010,UG,2020-21,300,225,2021-22,62,2023-24,109,75,350000,2
IR-E-C-25010,PG,2020-21,72,5,,,2021-22,5,3,400000,0
IR-E-C-25010,PG,2021-22,72,28,,,2022-23,11,5,450000,0
IR-E-C-25010,PG,2022-23,72,22,,,2023-24,20,3,450000,3
IR-E-C-25006,UG,2019-20,660,591,2020-21,28,2022-23,565,329,336000,9
IR-E-C-25006,UG,2020-21,660,449,2021-22,35,2023-24,427,150,350000,10
IR-E-C-25006,UG,2021-22,600,572,2022-23,37,2024-25,562,364,405994,31
IR-E-C-25006,PG,2021-22,24,16,,,2022-23,16,0,0,1
IR-E-C-25006,PG,2022-23,24,6,,,2023-24,6,3,287500,1
IR-E-C-25006,PG,2023-24,24,11,,,2024-25,9,4,239000,2
IR-E-C-25022,UG,2018-19,510,109,2019-20,5,2021-22,65,60,200000,4
IR-E-C-25022,UG,2019-20,570,73,2020-21,3,2022-23,60,45,250000,5
IR-E-C-25022,UG,2020-21,360,186,2021-22,17,2023-24,70,64,300000,6
IR-E-C-16537,UG,2019-20,1320,1102,2020-21,43,2022-23,1089,714,400000,93
IR-E-C-16537,UG,2020-21,1170,1023,2021-22,78,2023-24,962,815,460000,126
IR-E-C-16537,UG,2021-22,1260,1276,2022-23,20,2024-25,1114,884,475000,131
IR-E-C-16537,PG,2021-22,90,44,,,2022-23,35,23,450000,2
IR-E-C-16537,PG,2022-23,90,18,,,2023-24,15,14,450000,1
IR-E-C-16537,PG,2023-24,18,4,,,2024-25,4,4,708000,0
IR-E-I-1119,UG,2018-19,240,49,2019-20,8,2021-22,46,32,240000,3
IR-E-I-1119,UG,2019-20,240,39,2020-21,2,2022-23,34,34,400000,0
IR-E-I-1119,UG,2020-21,240,108,2021-22,32,2023-24,85,85,400000,0
IR-E-I-1119,PG,2020-21,72,36,,,2021-22,24,24,250000,0
IR-E-I-1119,PG,2021-22,78,48,,,2022-23,34,28,370000,0
IR-E-I-1119,PG,2022-23,78,59,,,2023-24,43,43,370000,0
IR-E-C-25043,UG,2017-18,480,215,2018-19,15,2020-21,195,140,180000,2
IR-E-C-25043,UG,2018-19,480,183,2019-20,12,2021-22,163,131,174000,3
IR-E-C-25043,UG,2019-20,390,231,2020-21,15,2022-23,156,119,180000,1
IR-E-C-25043,PG,2019-20,48,0,,,2020-21,0,0,0,0
IR-E-C-25043,PG,2020-21,48,4,,,2021-22,4,1,360000,0
IR-E-C-25043,PG,2021-22,36,1,,,2022-23,1,1,360000,0
IR-E-C-25031,UG,2018-19,420,124,2019-20,4,2021-22,73,34,150000,21
IR-E-C-25031,UG,2019-20,420,240,2020-21,3,2022-23,68,34,180000,12
IR-E-C-25031,UG,2020-21,360,47,2021-22,10,2023-24,19,9,180000,5
IR-E-C-25069,UG,2018-19,420,128,2019-20,14,2021-22,100,55,216000,18
IR-E-C-25069,UG,2019-20,420,94,2020-21,17,2022-23,55,40,219000,15
IR-E-C-25069,UG,2020-21,420,42,2021-22,90,2023-24,39,28,240000,5
IR-E-C-25069,PG,2020-21,90,30,,,2021-22,16,11,150000,0
IR-E-C-25069,PG,2021-22,90,46,,,2022-23,33,20,240000,0
IR-E-C-25069,PG,2022-23,90,15,,,2023-24,10,5,300000,0
IR-E-C-16503,UG,2018-19,720,182,2019-20,10,2021-22,143,132,350000,8
IR-E-C-16503,UG,2019-20,720,348,2020-21,26,2022-23,195,183,305000,12
IR-E-C-16503,UG,2020-21,450,320,2021-22,15,2023-24,321,238,350000,12
IR-E-C-16503,PG,2020-21,114,39,,,2021-22,25,7,500000,0
IR-E-C-16503,PG,2021-22,102,70,,,2022-23,17,14,500000,0
IR-E-C-16503,PG,2022-23,114,60,,,2023-24,56,14,500000,0
IR-E-C-25005,UG,2018-19,300,112,2019-20,3,2021-22,73,36,300000,13
IR-E-C-25005,UG,2019-20,300,33,2020-21,56,2022-23,54,21,350000,8
IR-E-C-25005,UG,2020-21,240,45,2021-22,63,2023-24,69,48,350000,10
IR-E-C-25005,PG,2020-21,120,73,,,2021-22,62,23,368000,0
IR-E-C-25005,PG,2021-22,120,68,,,2022-23,47,21,400000,0
IR-E-C-25005,PG,2022-23,120,44,,,2023-24,36,21,400000,0
IR-E-C-25062,UG,2019-20,240,72,2020-21,7,2022-23,49,44,170400,0
IR-E-C-25062,UG,2020-21,240,83,2021-22,38,2023-24,42,39,180000,3
IR-E-C-25062,UG,2021-22,240,132,2022-23,15,2024-25,58,52,216900,2
IR-E-C-25038,UG,2018-19,480,216,2019-20,9,2021-22,154,146,355000,8
IR-E-C-25038,UG,2019-20,480,173,2020-21,5,2022-23,89,88,380000,1
IR-E-C-25038,UG,2020-21,480,219,2021-22,5,2023-24,113,110,300000,2
IR-E-C-25038,PG,2020-21,45,4,,,2021-22,4,2,300000,0
IR-E-C-25038,PG,2021-22,45,5,,,2022-23,5,4,490000,1
IR-E-C-25038,PG,2022-23,45,7,,,2023-24,7,7,400000,0
IR-E-C-25024,UG,2018-19,480,303,2019-20,38,2021-22,250,244,150000,6
IR-E-C-25024,UG,2019-20,390,217,2020-21,32,2022-23,173,173,320000,0
IR-E-C-25024,UG,2020-21,360,146,2021-22,32,2023-24,164,153,216000,11
IR-E-C-25024,PG,2020-21,78,9,,,2021-22,7,6,224000,0
IR-E-C-25024,PG,2021-22,78,16,,,2022-23,11,8,240000,0
IR-E-C-25024,PG,2022-23,36,4,,,2023-24,4,4,300000,0
IR-E-C-27035,UG,2019-20,540,302,2020-21,24,2022-23,326,116,300000,76
IR-E-C-27035,UG,2020-21,540,287,2021-22,92,2023-24,378,197,220000,134
IR-E-C-27035,UG,2021-22,540,381,2022-23,65,2024-25,372,216,644166,119
IR-E-C-48273,UG,2018-19,540,536,2019-20,46,2021-22,504,323,240000,26
IR-E-C-48273,UG,2019-20,540,525,2020-21,42,2022-23,460,408,216000,31
IR-E-C-48273,UG,2020-21,540,555,2021-22,42,2023-24,450,379,225000,45
IR-E-C-48273,PG,2020-21,96,60,,,2021-22,48,5,240000,2
IR-E-C-48273,PG,2021-22,156,140,,,2022-23,108,15,216000,1
IR-E-C-48273,PG,2022-23,156,119,,,2023-24,102,39,225000,10
IR-E-C-60622,UG,2018-19,300,212,2019-20,15,2021-22,163,103,198000,6
IR-E-C-60622,UG,2019-20,300,178,2020-21,13,2022-23,129,119,200000,10
IR-E-C-60622,UG,2020-21,300,184,2021-22,57,2023-24,110,98,192000,12
IR-E-C-60622,PG,2020-21,24,4,,,2021-22,3,0,0,0
IR-E-C-60622,PG,2021-22,24,7,,,2022-23,5,4,200000,0
IR-E-C-60622,PG,2022-23,48,15,,,2023-24,7,4,200000,0
IR-E-C-49144,UG,2018-19,420,253,2019-20,30,2021-22,270,218,325000,15
IR-E-C-49144,UG,2019-20,420,215,2020-21,24,2022-23,217,167,380000,29
IR-E-C-49144,UG,2020-21,420,228,2021-22,110,2023-24,238,221,250000,11
IR-E-C-27074,UG,2018-19,420,165,2019-20,24,2021-22,148,130,180000,9
IR-E-C-27074,UG,2019-20,420,209,2020-21,12,2022-23,157,151,200000,6
IR-E-C-27074,UG,2020-21,300,131,2021-22,18,2023-24,93,86,216000,7
IR-E-C-27074,PG,2020-21,72,4,,,2021-22,4,0,0,0
IR-E-C-27074,PG,2021-22,72,10,,,2022-23,10,0,0,0
IR-E-C-27074,PG,2022-23,48,5,,,2023-24,5,0,0,1
IR-E-C-27064,UG,2017-18,1140,985,2018-19,135,2020-21,1027,804,270000,38
IR-E-C-27064,UG,2018-19,1140,890,2019-20,175,2021-22,990,846,288000,28
IR-E-C-27064,UG,2019-20,1080,1010,2020-21,125,2022-23,1040,902,280000,45
IR-E-C-27064,PG,2019-20,90,46,,,2020-21,37,24,300000,7
IR-E-C-27064,PG,2020-21,90,80,,,2021-22,68,60,310000,0
IR-E-C-27064,PG,2021-22,90,79,,,2022-23,62,50,360000,11
IR-E-C-27071,UG,2018-19,420,153,2019-20,14,2021-22,167,162,225000,5
IR-E-C-27071,UG,2019-20,420,300,2020-21,25,2022-23,250,115,250000,36
IR-E-C-27071,UG,2020-21,420,133,2021-22,33,2023-24,166,162,325000,4
IR-E-C-16620,UG,2018-19,1680,1570,2019-20,117,2021-22,1572,590,379000,67
IR-E-C-16620,UG,2019-20,1680,1530,2020-21,112,2022-23,1535,1179,401988,120
IR-E-C-16620,UG,2020-21,1620,1310,2021-22,213,2023-24,1491,1249,401988,64
IR-E-C-16620,PG,2020-21,36,15,,,2021-22,15,11,637632,1
IR-E-C-16620,PG,2021-22,36,24,,,2022-23,24,19,637632,2
IR-E-C-16620,PG,2022-23,36,11,,,2023-24,11,11,637632,0
IR-E-C-27061,UG,2018-19,480,310,2019-20,10,2021-22,320,215,320000,105
IR-E-C-27061,UG,2019-20,480,317,2020-21,3,2022-23,317,235,350000,82
IR-E-C-27061,UG,2020-21,480,261,2021-22,3,2023-24,261,198,350000,63
IR-E-C-27061,PG,2020-21,126,39,,,2021-22,39,30,300000,9
IR-E-C-27061,PG,2021-22,186,120,,,2022-23,118,89,360000,10
IR-E-C-27061,PG,2022-23,186,109,,,2023-24,109,78,360000,11
IR-E-C-27093,UG,2018-19,540,82,2019-20,16,2021-22,71,51,210000,11
IR-E-C-27093,UG,2019-20,540,120,2020-21,6,2022-23,66,32,210000,30
IR-E-C-27093,UG,2020-21,540,32,2021-22,17,2023-24,10,6,213333,2
IR-E-C-27093,PG,2020-21,246,68,,,2021-22,60,23,202500,8
IR-E-C-27093,PG,2021-22,246,87,,,2022-23,53,32,213300,7
IR-E-C-27093,PG,2022-23,246,90,,,2023-24,53,22,370240,10
IR-E-C-27038,UG,2018-19,540,169,2019-20,15,2021-22,155,115,336877,11
IR-E-C-27038,UG,2019-20,540,174,2020-21,9,2022-23,126,77,307500,12
IR-E-C-27038,UG,2020-21,210,127,2021-22,16,2023-24,95,73,227000,8
IR-E-C-27038,PG,2020-21,36,4,,,2021-22,3,2,276000,0
IR-E-C-27038,PG,2021-22,12,6,,,2022-23,3,2,276000,0
IR-E-C-27038,PG,2022-23,6,3,,,2023-24,3,2,260000,0
IR-E-C-16626,UG,2018-19,1800,1775,2019-20,117,2021-22,1793,1444,456000,289
IR-E-C-16626,UG,2019-20,1860,1841,2020-21,113,2022-23,1842,1549,471000,242
IR-E-C-16626,UG,2020-21,1830,1806,2021-22,138,2023-24,1867,1631,540000,201
IR-E-C-16626,PG,2020-21,120,112,,,2021-22,110,108,420000,2
IR-E-C-16626,PG,2021-22,120,118,,,2022-23,115,109,422000,5
IR-E-C-16626,PG,2022-23,120,118,,,2023-24,114,103,530000,6
IR-E-C-27091,UG,2018-19,660,345,2019-20,92,2021-22,406,378,336000,27
IR-E-C-27091,UG,2019-20,660,478,2020-21,77,2022-23,491,457,380000,31
IR-E-C-27091,UG,2020-21,660,406,2021-22,222,2023-24,606,547,380000,37
IR-E-C-27091,PG,2020-21,135,43,,,2021-22,39,34,336000,4
IR-E-C-27091,PG,2021-22,135,76,,,2022-23,66,62,450000,3
IR-E-C-27091,PG,2022-23,132,92,,,2023-24,85,82,450000,3
IR-E-C-27075,UG,2019-20,840,421,2020-21,53,2022-23,456,341,336000,28
IR-E-C-27075,UG,2020-21,840,390,2021-22,62,2023-24,425,309,350000,25
IR-E-C-27075,UG,2021-22,510,436,2022-23,54,2024-25,441,403,500000,34
IR-E-C-27075,PG,2021-22,90,22,,,2022-23,22,3,336000,0
IR-E-C-27075,PG,2022-23,72,7,,,2023-24,7,4,425000,2
IR-E-C-27075,PG,2023-24,18,1,,,2024-25,1,0,0,1
IR-E-C-27058,UG,2018-19,840,844,2019-20,62,2021-22,850,632,500000,33
IR-E-C-27058,UG,2019-20,900,832,2020-21,51,2022-23,826,606,500000,41
IR-E-C-27058,UG,2020-21,1020,900,2021-22,54,2023-24,912,650,500000,93
IR-E-C-27058,PG,2020-21,161,44,,,2021-22,44,23,450000,1
IR-E-C-27058,PG,2021-22,105,49,,,2022-23,48,30,475000,3
IR-E-C-27058,PG,2022-23,105,19,,,2023-24,19,14,500000,1
IR-E-C-27041,UG,2018-19,2018,600,2019-20,286,2021-22,40,231,134,168000
IR-E-C-27041,UG,2019-20,600,387,2020-21,37,2022-23,331,259,180000,30
IR-E-C-27041,UG,2020-21,600,479,2021-22,15,2023-24,349,325,200000,24
IR-E-C-27041,PG,2020-21,2020,168,,,2021-22,146,101,90,240000
IR-E-C-27041,PG,2021-22,168,111,,,2022-23,87,80,264000,0
IR-E-C-27041,PG,2022-23,168,111,,,2023-24,69,69,300000,0
IR-E-C-27082,UG,2018-19,510,342,2019-20,80,2021-22,410,130,246000,12
IR-E-C-27082,UG,2019-20,570,515,2020-21,46,2022-23,539,447,260000,24
IR-E-C-27082,UG,2020-21,570,394,2021-22,147,2023-24,514,436,336000,31
IR-E-C-27082,PG,2020-21,90,77,,,2021-22,72,70,280000,1
IR-E-C-27082,PG,2021-22,90,83,,,2022-23,83,71,280000,2
IR-E-C-27082,PG,2022-23,90,63,,,2023-24,54,41,300000,0
IR-E-C-6580,UG,2018-19,600,305,2019-20,100,2021-22,252,202,304500,6
IR-E-C-6580,UG,2019-20,600,290,2020-21,9,2022-23,279,236,450000,9
IR-E-C-6580,UG,2020-21,600,241,2021-22,14,2023-24,223,196,307200,3
IR-E-C-6580,PG,2020-21,78,20,,,2021-22,20,10,200000,0
IR-E-C-6580,PG,2021-22,58,41,,,2022-23,36,23,290000,0
IR-E-C-6580,PG,2022-23,58,31,,,2023-24,31,26,350000,0
IR-E-C-27095,UG,2018-19,360,102,2019-20,10,2021-22,78,57,168000,4
IR-E-C-27095,UG,2019-20,360,97,2020-21,4,2022-23,52,46,180000,0
IR-E-C-27095,UG,2020-21,300,67,2021-22,74,2023-24,54,54,180000,0
IR-E-C-27077,UG,2018-19,540,370,2019-20,31,2021-22,377,274,250000,44
IR-E-C-27077,UG,2019-20,540,401,2020-21,30,2022-23,345,253,275000,35
IR-E-C-27077,UG,2020-21,540,367,2021-22,66,2023-24,362,252,280000,38
IR-E-C-27077,PG,2020-21,288,138,,,2021-22,136,6,280000,3
IR-E-C-27077,PG,2021-22,288,165,,,2022-23,144,12,302000,4
IR-E-C-27077,PG,2022-23,168,20,,,2023-24,20,4,325000,8
IR-E-C-27084,UG,2018-19,280,164,2019-20,5,2021-22,121,85,168000,4
IR-E-C-27084,UG,2019-20,280,96,2020-21,9,2022-23,52,48,170400,0
IR-E-C-27084,UG,2020-21,280,81,2021-22,46,2023-24,38,36,240000,2
IR-E-C-27032,UG,2018-19,600,37,2019-20,7,2021-22,36,27,216000,2
IR-E-C-27032,UG,2019-20,600,51,2020-21,0,2022-23,48,35,240000,0
IR-E-C-27032,UG,2020-21,600,74,2021-22,125,2023-24,108,50,240000,0
IR-E-C-27032,PG,2020-21,114,56,,,2021-22,51,34,216000,0
IR-E-C-27032,PG,2021-22,114,96,,,2022-23,84,57,240000,0
IR-E-C-27032,PG,2022-23,114,59,,,2023-24,48,13,240000,0
IR-E-C-16590,UG,2019-20,1260,930,2020-21,38,2022-23,852,699,383000,21
IR-E-C-16590,UG,2020-21,1260,845,2021-22,107,2023-24,817,772,520000,20
IR-E-C-16590,UG,2021-22,1260,1180,2022-23,63,2024-25,1021,1004,550000,12
IR-E-C-16590,PG,2021-22,117,104,,,2022-23,78,63,400000,0
IR-E-C-16590,PG,2022-23,144,59,,,2023-24,45,22,400000,0
IR-E-C-16590,PG,2023-24,144,137,,,2024-25,115,103,600000,0
IR-E-C-27087,UG,2017-18,540,295,2018-19,18,2020-21,195,156,150000,27
IR-E-C-27087,UG,2018-19,540,274,2019-20,14,2021-22,186,143,160000,18
IR-E-C-27087,UG,2019-20,540,204,2020-21,19,2022-23,168,137,170000,10
IR-E-C-27087,PG,2019-20,36,10,,,2020-21,5,4,170000,0
IR-E-C-27087,PG,2020-21,18,11,,,2021-22,8,6,180000,0
IR-E-C-27087,PG,2021-22,18,6,,,2022-23,5,4,200000,0
IR-E-C-27051,UG,2018-19,420,250,2019-20,24,2021-22,196,167,264000,10
IR-E-C-27051,UG,2019-20,420,303,2020-21,18,2022-23,186,179,300000,4
IR-E-C-27051,UG,2020-21,360,189,2021-22,50,2023-24,208,180,300000,0
IR-E-C-26794,UG,2018-19,780,781,2019-20,94,2021-22,866,677,633000,47
IR-E-C-26794,UG,2019-20,780,753,2020-21,116,2022-23,834,693,651000,51
IR-E-C-26794,UG,2020-21,840,761,2021-22,163,2023-24,870,692,720000,58
IR-E-C-26794,PG,2020-21,136,97,,,2021-22,92,84,500000,2
IR-E-C-26794,PG,2021-22,136,99,,,2022-23,94,58,520000,4
IR-E-C-26794,PG,2022-23,118,66,,,2023-24,56,23,600000,11
IR-E-C-51677,UG,2018-19,300,268,2019-20,22,2021-22,243,136,200000,6
IR-E-C-51677,UG,2019-20,300,267,2020-21,43,2022-23,201,125,225880,7
IR-E-C-51677,UG,2020-21,300,257,2021-22,51,2023-24,181,138,273846,12
IR-E-C-16491,UG,2017-18,0,0,2018-19,0,2021-22,0,0,0,0
IR-E-C-16491,UG,2018-19,0,0,2019-20,0,2022-23,0,0,0,0
IR-E-C-16491,UG,2019-20,660,29,2020-21,0,2022-23,14,13,250000,1
IR-E-C-16491,UG,2016-17,0,0,2017-18,0,2020-21,0,0,0,0
IR-E-C-16491,PG,2019-20,162,20,,,2020-21,19,8,250000,2
IR-E-C-16491,PG,2020-21,90,48,,,2021-22,37,27,350000,1
IR-E-C-16491,PG,2021-22,180,20,,,2022-23,12,12,300000,0
IR-E-C-45320,UG,2018-19,540,430,2019-20,55,2021-22,473,202,205000,17
IR-E-C-45320,UG,2019-20,540,285,2020-21,16,2022-23,202,117,240000,13
IR-E-C-45320,UG,2020-21,540,202,2021-22,42,2023-24,160,147,250000,13
IR-E-C-45320,PG,2020-21,36,3,,,2021-22,2,0,0,0
IR-E-C-45320,PG,2021-22,36,4,,,2022-23,4,0,0,0
IR-E-C-45320,PG,2022-23,36,2,,,2023-24,2,0,0,0
IR-E-C-49137,UG,2019-20,300,223,2020-21,8,2022-23,113,100,300000,11
IR-E-C-49137,UG,2020-21,300,242,2021-22,24,2023-24,187,154,300000,16
IR-E-C-49137,UG,2021-22,300,256,2022-23,36,2024-25,182,89,300000,21
IR-E-C-26811,UG,2018-19,480,178,2019-20,9,2021-22,162,148,440000,6
IR-E-C-26811,UG,2019-20,480,184,2020-21,8,2022-23,191,187,240000,4
IR-E-C-26811,UG,2020-21,360,148,2021-22,85,2023-24,186,186,310000,0
IR-E-C-26811,PG,2020-21,78,35,,,2021-22,34,29,275000,1
IR-E-C-26811,PG,2021-22,78,62,,,2022-23,50,50,224280,0
IR-E-C-26811,PG,2022-23,78,74,,,2023-24,53,47,322000,1
IR-E-C-56319,UG,2019-20,360,154,2020-21,9,2022-23,133,86,240000,6
IR-E-C-56319,UG,2020-21,360,159,2021-22,9,2023-24,138,98,199992,4
IR-E-C-56319,UG,2021-22,360,198,2022-23,12,2024-25,167,135,252000,7
IR-E-C-56319,PG,2021-22,27,23,,,2022-23,10,0,0,0
IR-E-C-56319,PG,2022-23,27,6,,,2023-24,6,0,0,0
IR-E-C-56319,PG,2023-24,27,7,,,2024-25,6,0,0,0
IR-E-C-26789,UG,2018-19,420,365,2019-20,83,2021-22,441,270,330000,3
IR-E-C-26789,UG,2019-20,420,378,2020-21,96,2022-23,401,227,450000,13
IR-E-C-26789,UG,2020-21,420,342,2021-22,103,2023-24,388,190,340000,27
IR-E-C-26789,PG,2020-21,108,41,,,2021-22,40,7,300000,1
IR-E-C-26789,PG,2021-22,108,44,,,2022-23,39,8,450000,2
IR-E-C-26789,PG,2022-23,108,32,,,2023-24,26,4,350000,2
IR-E-C-26785,UG,2017-18,690,550,2018-19,23,2020-21,531,324,300000,33
IR-E-C-26785,UG,2018-19,690,312,2019-20,31,2021-22,331,284,336000,8
IR-E-C-26785,UG,2019-20,690,357,2020-21,43,2022-23,377,181,300000,10
IR-E-C-26785,PG,2019-20,102,7,,,2020-21,6,5,485000,0
IR-E-C-26785,PG,2020-21,42,3,,,2021-22,3,2,500000,0
IR-E-C-26785,PG,2021-22,30,10,,,2022-23,10,3,400000,0
IR-E-C-26795,UG,2017-18,635,373,2018-19,27,2020-21,359,185,350000,16
IR-E-C-26795,UG,2018-19,635,255,2019-20,21,2021-22,239,225,300000,1
IR-E-C-26795,UG,2019-20,555,172,2020-21,31,2022-23,157,122,350000,6
IR-E-C-26795,PG,2019-20,164,14,,,2020-21,8,4,300000,0
IR-E-C-26795,PG,2020-21,146,16,,,2021-22,16,8,300000,0
IR-E-C-26795,PG,2021-22,126,20,,,2022-23,14,12,300000,0
IR-E-C-26783,UG,2018-19,1500,1163,2019-20,69,2021-22,1120,960,365556,18
IR-E-C-26783,UG,2019-20,1380,1036,2020-21,38,2022-23,874,844,400000,20
IR-E-C-26783,UG,2020-21,1290,963,2021-22,79,2023-24,863,837,600000,26
IR-E-C-26783,PG,2020-21,126,29,,,2021-22,23,2,350000,0
IR-E-C-26783,PG,2021-22,126,23,,,2022-23,21,1,400000,0
IR-E-C-26783,PG,2022-23,72,11,,,2023-24,10,2,300000,0
IR-E-C-16572,UG,2018-19,1050,887,2019-20,80,2021-22,933,696,550000,174
IR-E-C-16572,UG,2019-20,1050,755,2020-21,77,2022-23,792,604,550000,158
IR-E-C-16572,UG,2020-21,1110,817,2021-22,105,2023-24,879,672,600000,181
IR-E-C-16572,PG,2020-21,138,16,,,2021-22,16,13,450000,2
IR-E-C-16572,PG,2021-22,123,23,,,2022-23,21,18,450000,2
IR-E-C-16572,PG,2022-23,72,7,,,2023-24,7,6,475000,0
IR-E-C-26814,UG,2018-19,450,65,2019-20,7,2021-22,61,39,360000,1
IR-E-C-26814,UG,2019-20,420,82,2020-21,14,2022-23,96,54,400000,0
IR-E-C-26814,UG,2020-21,300,77,2021-22,76,2023-24,121,115,420000,3
IR-E-C-26814,PG,2020-21,45,23,,,2021-22,23,7,420000,0
IR-E-C-26814,PG,2021-22,36,29,,,2022-23,29,14,500000,0
IR-E-C-26814,PG,2022-23,36,23,,,2023-24,23,23,600000,0
IR-E-C-26808,UG,2018-19,340,77,2019-20,4,2021-22,53,48,200000,5
IR-E-C-26808,UG,2019-20,310,46,2020-21,0,2022-23,36,22,200000,4
IR-E-C-26808,UG,2020-21,310,94,2021-22,19,2023-24,82,37,200000,10
IR-E-C-26808,PG,2020-21,105,32,,,2021-22,25,18,200000,0
IR-E-C-26808,PG,2021-22,105,81,,,2022-23,66,38,200000,0
IR-E-C-26808,PG,2022-23,114,10,,,2023-24,10,9,200000,0
IR-E-C-26807,UG,2017-18,420,253,2018-19,9,2020-21,227,227,140000,0
IR-E-C-26807,UG,2018-19,420,217,2019-20,9,2021-22,156,156,140000,0
IR-E-C-26807,UG,2019-20,300,136,2020-21,8,2022-23,138,114,266950,4
IR-E-C-26807,PG,2019-20,63,13,,,2020-21,13,13,140000,0
IR-E-C-26807,PG,2020-21,63,7,,,2021-22,6,6,140000,0
IR-E-C-26807,PG,2021-22,63,8,,,2022-23,8,0,0,0
IR-E-C-26784,UG,2018-19,480,140,2019-20,6,2021-22,96,88,216000,8
IR-E-C-26784,UG,2019-20,300,78,2020-21,10,2022-23,45,35,240000,10
IR-E-C-26784,UG,2020-21,330,63,2021-22,26,2023-24,41,33,360000,8
IR-E-C-26784,PG,2020-21,54,16,,,2021-22,15,15,288000,0
IR-E-C-26784,PG,2021-22,54,28,,,2022-23,10,10,312000,0
IR-E-C-26784,PG,2022-23,54,26,,,2023-24,13,13,322000,0
IR-E-C-26781,UG,2018-19,600,465,2019-20,24,2021-22,464,378,442385,15
IR-E-C-26781,UG,2019-20,510,454,2020-21,23,2022-23,436,347,491648,21
IR-E-C-26781,UG,2020-21,510,433,2021-22,32,2023-24,406,307,378210,28
IR-E-C-26781,PG,2020-21,45,2,,,2021-22,2,2,475000,0
IR-E-C-26781,PG,2021-22,45,18,,,2022-23,18,6,400000,1
IR-E-C-26781,PG,2022-23,45,1,,,2023-24,1,1,400000,0
IR-E-C-16594,UG,2017-18,60,46,2018-19,0,2020-21,41,41,216000,0
IR-E-C-16594,UG,2018-19,60,14,2019-20,0,2021-22,7,7,174000,0
IR-E-C-16594,UG,2019-20,60,3,2020-21,4,2022-23,0,0,0,0
IR-E-C-26797,UG,2017-18,450,140,2018-19,6,2020-21,112,96,180000,10
IR-E-C-26797,UG,2018-19,450,50,2019-20,21,2021-22,51,45,190000,6
IR-E-C-26797,UG,2019-20,450,80,2020-21,7,2022-23,25,21,204000,4
IR-E-C-26797,PG,2019-20,13,4,,,2020-21,3,2,360000,1
IR-E-C-26797,PG,2020-21,13,4,,,2021-22,4,2,400000,1
IR-E-C-26797,PG,2021-22,13,1,,,2022-23,1,1,360000,0
IR-E-C-16518,UG,2018-19,510,333,2019-20,5,2021-22,244,236,238000,8
IR-E-C-16518,UG,2019-20,450,383,2020-21,5,2022-23,224,209,259948,10
IR-E-C-16518,UG,2020-21,360,333,2021-22,5,2023-24,200,187,400000,6
IR-E-C-16550,UG,2018-19,480,261,2019-20,8,2021-22,262,228,400000,4
IR-E-C-16550,UG,2019-20,420,269,2020-21,4,2022-23,257,180,400000,17
IR-E-C-16550,UG,2020-21,510,283,2021-22,16,2023-24,284,175,350000,28
IR-E-C-16465,UG,2019-20,480,198,2020-21,18,2022-23,109,98,334000,0
IR-E-C-16465,UG,2020-21,300,203,2021-22,30,2023-24,123,110,331000,1
IR-E-C-16465,UG,2021-22,300,203,2022-23,15,2024-25,154,137,327000,6
IR-E-C-16619,UG,2019-20,480,113,2020-21,10,2022-23,85,65,400000,2
IR-E-C-16619,UG,2020-21,330,40,2021-22,78,2023-24,45,40,275000,0
IR-E-C-16619,UG,2021-22,330,115,2022-23,54,2024-25,105,70,300000,6
IR-E-C-16619,PG,2021-22,27,8,,,2022-23,8,4,400000,0
IR-E-C-16619,PG,2022-23,27,10,,,2023-24,7,0,0,0
IR-E-C-16619,PG,2023-24,87,50,,,2024-25,41,41,400000,0
IR-E-C-16571,UG,2018-19,540,79,2019-20,15,2021-22,72,44,250000,3
IR-E-C-16571,UG,2019-20,360,134,2020-21,27,2022-23,119,102,300000,5
IR-E-C-16571,UG,2020-21,360,152,2021-22,74,2023-24,155,130,330000,5
IR-E-C-16571,PG,2020-21,27,3,,,2021-22,3,2,250000,0
IR-E-C-16571,PG,2021-22,27,16,,,2022-23,6,2,250000,0
IR-E-C-16571,PG,2022-23,27,3,,,2023-24,1,0,0,0
IR-E-C-16539,UG,2016-17,1020,964,2017-18,43,2019-20,887,527,300000,36
IR-E-C-16539,UG,2017-18,1020,801,2018-19,28,2020-21,825,531,375000,38
IR-E-C-16539,UG,2018-19,960,752,2019-20,10,2021-22,761,495,450000,40
IR-E-C-16539,PG,2018-19,210,131,,,2019-20,124,20,300000,3
IR-E-C-16539,PG,2019-20,180,79,,,2020-21,75,15,375000,4
IR-E-C-16539,PG,2020-21,150,84,,,2021-22,75,10,450000,5
IR-E-C-16560,UG,2018-19,1020,770,2019-20,102,2021-22,801,743,520000,58
IR-E-C-16560,UG,2019-20,1080,741,2020-21,142,2022-23,861,776,528000,85
IR-E-C-16560,UG,2020-21,1080,875,2021-22,206,2023-24,1064,955,550000,109
IR-E-C-16560,PG,2020-21,90,30,,,2021-22,30,30,3250000,0
IR-E-C-16560,PG,2021-22,90,52,,,2022-23,52,52,325000,0
IR-E-C-16560,PG,2022-23,90,26,,,2023-24,26,26,380000,0
IR-E-C-16618,UG,2018-19,600,590,2019-20,5,2021-22,541,0,0,3
IR-E-C-16618,UG,2019-20,480,468,2020-21,12,2022-23,438,133,350000,8
IR-E-C-16618,UG,2020-21,540,373,2021-22,31,2023-24,346,330,385000,12
IR-E-C-16618,PG,2020-21,87,79,,,2021-22,79,62,350000,0
IR-E-C-16618,PG,2021-22,87,78,,,2022-23,69,48,350000,10
IR-E-C-16618,PG,2022-23,87,64,,,2023-24,64,60,350000,4
IR-E-C-16525,UG,2013-14,780,674,2014-15,47,2016-17,502,460,240000,39
IR-E-C-16525,UG,2014-15,780,629,2015-16,18,2017-18,528,376,350000,21
IR-E-C-16525,UG,2015-16,780,629,2016-17,43,2018-19,514,472,350000,31
IR-E-C-16525,PG,2015-16,103,29,,,2016-17,25,23,250000,2
IR-E-C-16525,PG,2016-17,103,15,,,2017-18,15,10,350000,1
IR-E-C-16525,PG,2017-18,18,11,,,2018-19,11,10,350000,1
IR-E-C-16480,UG,2018-19,420,358,2019-20,25,2021-22,366,306,400000,7
IR-E-C-16480,UG,2019-20,420,353,2020-21,24,2022-23,344,283,400000,19
IR-E-C-16480,UG,2020-21,420,314,2021-22,31,2023-24,312,221,420000,17
IR-E-C-16480,PG,2020-21,18,7,,,2021-22,7,2,240000,0
IR-E-C-16480,PG,2021-22,18,13,,,2022-23,13,8,300000,0
IR-E-C-16480,PG,2022-23,18,2,,,2023-24,0,0,0,0
IR-E-C-16611,UG,2018-19,840,401,2019-20,33,2021-22,434,303,379000,14
IR-E-C-16611,UG,2019-20,780,427,2020-21,52,2022-23,451,431,425000,10
IR-E-C-16611,UG,2020-21,630,446,2021-22,70,2023-24,505,451,425000,11
IR-E-C-16604,UG,2018-19,960,1025,2019-20,79,2021-22,1083,905,760000,98
IR-E-C-16604,UG,2019-20,780,842,2020-21,69,2022-23,845,677,800000,115
IR-E-C-16604,UG,2020-21,780,802,2021-22,72,2023-24,803,624,860000,155
IR-E-C-16604,PG,2020-21,180,50,,,2021-22,44,36,600000,7
IR-E-C-16604,PG,2021-22,180,46,,,2022-23,44,40,600000,3
IR-E-C-16604,PG,2022-23,180,42,,,2023-24,39,36,620000,2
IR-E-C-16604,PG,2017-18,0,0,,,2021-22,0,0,0,0
IR-E-C-16604,PG,2018-19,0,0,,,2022-23,0,0,0,0
IR-E-C-16604,PG,2019-20,0,0,,,2023-24,0,0,0,0
IR-E-I-1078,UG,2018-19,840,547,2019-20,7,2021-22,512,487,372000,22
IR-E-I-1078,UG,2019-20,780,600,2020-21,12,2022-23,579,515,410000,64
IR-E-I-1078,UG,2020-21,720,592,2021-22,42,2023-24,603,548,443000,52
IR-E-I-1078,PG,2020-21,81,37,,,2021-22,35,32,395000,2
IR-E-I-1078,PG,2021-22,81,77,,,2022-23,72,69,403000,3
IR-E-I-1078,PG,2022-23,81,46,,,2023-24,45,43,412000,1
IR-E-C-16617,UG,2018-19,0,0,2019-20,0,2021-22,0,0,0,0
IR-E-C-16617,UG,2019-20,660,0,2020-21,62,2022-23,0,0,0,0
IR-E-C-16617,UG,2020-21,660,65,2021-22,137,2023-24,46,35,215245,0
IR-E-C-16530,UG,2018-19,660,182,2019-20,33,2021-22,186,175,240000,1
IR-E-C-16530,UG,2019-20,660,13,2020-21,16,2022-23,24,13,230000,1
IR-E-C-16530,UG,2020-21,540,40,2021-22,20,2023-24,50,40,220000,0
IR-E-C-16625,UG,2018-19,750,297,2019-20,11,2021-22,179,165,270000,0
IR-E-C-16625,UG,2019-20,780,482,2020-21,11,2022-23,316,262,280000,2
IR-E-C-16625,UG,2020-21,780,592,2021-22,17,2023-24,320,314,420000,3
IR-E-C-16625,PG,2020-21,183,77,,,2021-22,60,55,320000,1
IR-E-C-16625,PG,2021-22,192,79,,,2022-23,75,70,320000,0
IR-E-C-16625,PG,2022-23,252,112,,,2023-24,98,79,360000,0
IR-E-C-16549,UG,2018-19,540,313,2019-20,13,2021-22,303,298,325000,5
IR-E-C-16549,UG,2019-20,540,365,2020-21,8,2022-23,276,247,340000,10
IR-E-C-16549,UG,2020-21,390,278,2021-22,10,2023-24,177,158,359000,19
IR-E-C-16549,PG,2020-21,78,22,,,2021-22,21,7,360000,0
IR-E-C-16549,PG,2021-22,78,58,,,2022-23,42,28,350000,1
IR-E-C-16549,PG,2022-23,72,52,,,2023-24,38,37,340000,1
IR-E-C-16576,UG,2018-19,600,596,2019-20,17,2021-22,570,486,404000,33
IR-E-C-16576,UG,2019-20,780,758,2020-21,12,2022-23,718,467,415000,51
IR-E-C-16576,UG,2020-21,840,849,2021-22,28,2023-24,825,694,460755,97
IR-E-C-16576,PG,2020-21,54,27,,,2021-22,22,22,450000,0
IR-E-C-16576,PG,2021-22,54,38,,,2022-23,23,23,500000,0
IR-E-C-16576,PG,2022-23,54,46,,,2023-24,46,46,540000,0
IR-E-C-16567,UG,2017-18,720,422,2018-19,6,2020-21,325,115,300000,0
IR-E-C-16567,UG,2018-19,540,209,2019-20,0,2021-22,183,161,450000,0
IR-E-C-16567,UG,2019-20,360,320,2020-21,0,2022-23,244,240,200000,4
IR-E-C-16567,PG,2019-20,54,3,,,2020-21,3,2,240000,0
IR-E-C-16567,PG,2020-21,54,0,,,2021-22,0,0,0,0
IR-E-C-16567,PG,2021-22,36,7,,,2022-23,1,1,180000,0
IR-E-C-16521,UG,2016-17,820,464,2017-18,7,2019-20,398,91,250000,150
IR-E-C-16521,UG,2017-18,820,259,2018-19,6,2020-21,218,57,280000,110
IR-E-C-16521,UG,2018-19,820,111,2019-20,14,2021-22,111,72,310000,35
IR-E-C-16521,PG,2018-19,330,38,,,2019-20,38,20,300000,9
IR-E-C-16521,PG,2019-20,240,51,,,2020-21,45,26,400000,12
IR-E-C-16521,PG,2020-21,99,21,,,2021-22,18,11,620000,6
IR-E-C-16543,UG,2018-19,840,338,2019-20,15,2021-22,334,307,336000,15
IR-E-C-16543,UG,2019-20,840,312,2020-21,15,2022-23,312,234,336000,20
IR-E-C-16543,UG,2020-21,840,308,2021-22,50,2023-24,324,285,300000,31
IR-E-C-16543,PG,2020-21,27,2,,,2021-22,2,1,360000,0
IR-E-C-16543,PG,2021-22,27,7,,,2022-23,5,3,360000,0
IR-E-C-16543,PG,2022-23,27,2,,,2023-24,2,2,360000,0
IR-E-C-16599,UG,2018-19,480,154,2019-20,10,2021-22,122,106,250000,10
IR-E-C-16599,UG,2019-20,480,113,2020-21,156,2022-23,224,211,360000,11
IR-E-C-16599,UG,2020-21,480,124,2021-22,43,2023-24,139,129,360000,5
IR-E-C-16599,PG,2020-21,96,44,,,2021-22,35,25,300000,0
IR-E-C-16599,PG,2021-22,96,52,,,2022-23,49,49,420000,0
IR-E-C-16599,PG,2022-23,96,81,,,2023-24,77,75,420000,2
IR-E-C-16468,UG,2018-19,1020,401,2019-20,21,2021-22,350,318,275000,2
IR-E-C-16468,UG,2019-20,1020,337,2020-21,29,2022-23,260,248,280000,4
IR-E-C-16468,UG,2020-21,1020,291,2021-22,65,2023-24,228,219,228000,9
IR-E-C-16504,UG,2017-18,840,760,2018-19,149,2020-21,883,791,484000,92
IR-E-C-16504,PG,2019-20,90,58,,,2020-21,58,54,540000,4
IR-E-C-16577,UG,2018-19,700,173,2019-20,13,2021-22,178,153,300000,7
IR-E-C-16577,UG,2019-20,700,215,2020-21,22,2022-23,123,112,350000,11
IR-E-C-16577,UG,2020-21,700,85,2021-22,218,2023-24,115,87,260000,8
IR-E-C-16577,PG,2020-21,81,19,,,2021-22,11,9,325000,2
IR-E-C-16577,PG,2021-22,81,52,,,2022-23,29,27,400000,0
IR-E-C-16577,PG,2022-23,81,27,,,2023-24,22,18,350000,0
IR-E-C-16541,UG,2016-17,720,265,2017-18,1,2019-20,209,197,400000,12
IR-E-C-16541,UG,2017-18,720,405,2018-19,6,2020-21,390,189,350000,15
IR-E-C-16541,UG,2018-19,600,74,2019-20,1,2021-22,74,60,380000,10
IR-E-C-16541,PG,2018-19,90,28,,,2019-20,22,20,350000,0
IR-E-C-16541,PG,2019-20,90,17,,,2020-21,16,13,300000,0
IR-E-C-16541,PG,2020-21,90,13,,,2021-22,10,10,300000,0
IR-E-C-16624,UG,2018-19,1020,502,2019-20,44,2021-22,482,462,400000,18
IR-E-C-16624,UG,2019-20,1080,572,2020-21,28,2022-23,499,422,400000,26
IR-E-C-16624,UG,2020-21,1020,766,2021-22,99,2023-24,689,463,400000,21
IR-E-C-16624,PG,2020-21,126,13,,,2021-22,13,10,300000,3
IR-E-C-16624,PG,2021-22,90,24,,,2022-23,23,5,420000,1
IR-E-C-16624,PG,2022-23,96,21,,,2023-24,19,3,326000,1
IR-E-C-16486,UG,2018-19,0,0,2019-20,0,2021-22,0,0,0,0
IR-E-C-16486,UG,2019-20,0,0,2020-21,0,2022-23,0,0,0,0
IR-E-C-16486,UG,2020-21,120,0,2021-22,0,2023-24,0,0,0,0
IR-E-C-16615,UG,2017-18,540,218,2018-19,11,2020-21,229,225,250000,2
IR-E-C-16615,UG,2018-19,540,134,2019-20,9,2021-22,141,141,300000,0
IR-E-C-16615,UG,2019-20,540,133,2020-21,5,2022-23,119,105,300000,1
IR-E-C-16515,UG,2012-13,450,310,2013-14,106,2015-16,226,171,200000,11
IR-E-C-16515,UG,2013-14,450,353,2014-15,100,2016-17,221,200,180000,2
IR-E-C-16515,UG,2014-15,510,264,2015-16,64,2017-18,143,101,150000,2
IR-E-C-16515,PG,2014-15,96,43,2015-16,32,,0,0,0,0
IR-E-C-16515,PG,2015-16,96,24,2016-17,23,,0,0,0,0
IR-E-C-16515,PG,2016-17,96,11,2017-18,10,,0,0,0,0
IR-E-C-36969,UG,2018-19,720,736,2019-20,148,2021-22,766,680,500000,85
IR-E-C-36969,UG,2019-20,720,702,2020-21,78,2022-23,713,646,578000,62
IR-E-C-36969,UG,2020-21,720,594,2021-22,170,2023-24,751,660,680000,85
IR-E-C-36969,PG,2020-21,180,36,,,2021-22,33,20,470000,3
IR-E-C-36969,PG,2021-22,162,75,,,2022-23,34,22,470000,2
IR-E-C-36969,PG,2022-23,126,66,,,2023-24,65,21,500000,2
IR-E-C-36990,UG,2017-18,474,278,2018-19,21,2020-21,195,136,218000,8
IR-E-C-36990,UG,2018-19,360,91,2019-20,13,2021-22,83,81,300000,2
IR-E-C-36990,UG,2019-20,270,53,2020-21,2,2022-23,50,47,300000,3
IR-E-C-27076,UG,2017-18,360,163,2018-19,2,2020-21,69,26,300000,3
IR-E-C-27076,UG,2018-19,360,33,2019-20,13,2021-22,23,19,300000,1
IR-E-C-27076,UG,2019-20,240,10,2020-21,6,2022-23,11,7,180000,2
IR-E-C-27076,PG,2019-20,66,25,,,2020-21,4,2,200000,0
IR-E-C-27076,PG,2020-21,66,14,,,2021-22,4,2,200000,0
IR-E-C-27076,PG,2021-22,36,16,,,2022-23,15,13,200000,0
IR-O-C-36937,UG,2018-19,1080,878,2019-20,40,2021-22,624,492,300000,78
IR-O-C-36937,UG,2019-20,900,548,2020-21,9,2022-23,334,295,250000,19
IR-O-C-36937,UG,2020-21,1080,566,2021-22,15,2023-24,420,384,200000,29
IR-O-C-36937,PG,2020-21,228,85,,,2021-22,56,7,252000,0
IR-O-C-36937,PG,2021-22,288,251,,,2022-23,76,62,300000,0
IR-O-C-36937,PG,2022-23,372,273,,,2023-24,105,31,550000,0
IR-O-C-37031,UG,2018-19,450,109,2019-20,5,2021-22,67,52,400000,2
IR-O-C-37031,UG,2019-20,360,53,2020-21,0,2022-23,35,30,250000,4
IR-O-C-37031,UG,2020-21,360,31,2021-22,12,2023-24,27,27,260000,0
IR-O-C-37031,PG,2020-21,87,15,,,2021-22,14,10,350000,0
IR-O-C-37031,PG,2021-22,87,31,,,2022-23,26,16,300000,0
IR-O-C-37031,PG,2022-23,87,29,,,2023-24,25,8,250000,0
IR-M-C-16488,PG,2016-17,60,14,,,2017-18,14,9,280000,0
IR-M-C-16488,PG,2017-18,60,42,,,2018-19,34,4,280000,0
IR-M-C-16488,PG,2018-19,60,26,,,2019-20,14,3,272000,0
IR-E-C-16554,UG,2019-20,390,200,2020-21,6,2022-23,190,166,325000,18
IR-E-C-16554,UG,2020-21,390,201,2021-22,6,2023-24,134,131,336000,3
IR-E-C-16554,UG,2021-22,390,366,2022-23,3,2024-25,295,274,350000,1
IR-E-C-37105,UG,2019-20,1320,658,2020-21,96,2022-23,650,552,320000,30
IR-E-C-37105,UG,2020-21,960,517,2021-22,188,2023-24,553,501,360000,32
IR-E-C-37105,UG,2021-22,900,650,2022-23,109,2024-25,642,502,375000,26
IR-E-C-37105,PG,2021-22,93,17,,,2022-23,17,6,320000,0
IR-E-C-37105,PG,2022-23,120,85,,,2023-24,77,63,320000,5
IR-E-C-37105,PG,2023-24,120,89,,,2024-25,75,56,350000,6
IR-E-C-16521,UG,2019-20,520,98,2020-21,8,2022-23,80,65,340000,15
IR-E-C-16521,UG,2020-21,300,101,2021-22,22,2023-24,80,70,450000,10
IR-E-C-16521,PG,2021-22,114,63,,,2022-23,48,40,640000,6
IR-E-C-16521,PG,2022-23,150,11,,,2023-24,9,8,700000,0
IR-E-C-16580,UG,2019-20,480,128,2020-21,59,2022-23,86,70,420000,0
IR-E-C-16580,UG,2020-21,480,119,2021-22,268,2023-24,101,49,280000,10
IR-E-C-16580,UG,2021-22,180,111,2022-23,49,2024-25,98,54,360000,1
IR-E-C-16580,PG,2021-22,60,59,,,2022-23,23,20,500000,0
IR-E-C-16580,PG,2022-23,90,86,,,2023-24,25,20,300000,0
IR-E-C-16580,PG,2023-24,90,86,,,2024-25,57,30,500000,0
IR-E-C-27076,UG,2020-21,240,119,2021-22,55,2023-24,153,75,240000,3
IR-E-C-27076,UG,2021-22,240,164,2022-23,3,2024-25,151,56,290000,5
IR-E-C-27076,PG,2022-23,36,27,,,2023-24,27,20,190000,0
IR-E-C-27076,PG,2023-24,36,11,,,2024-25,11,9,170000,0
IR-E-C-25066,UG,2019-20,360,81,2020-21,3,2022-23,59,54,300000,5
IR-E-C-25066,UG,2020-21,360,231,2021-22,12,2023-24,80,70,320000,10
IR-E-C-25066,UG,2021-22,420,149,2022-23,2,2024-25,102,89,320000,13
IR-E-C-25066,PG,2021-22,18,4,,,2022-23,2,2,400000,0
IR-E-C-25066,PG,2022-23,18,2,,,2023-24,1,1,420000,0
IR-E-C-25066,PG,2023-24,18,5,,,2024-25,5,5,420000,0
IR-E-C-26785,UG,2020-21,690,380,2021-22,96,2023-24,435,180,300000,5
IR-E-C-26785,UG,2021-22,540,467,2022-23,96,2024-25,451,338,300000,5
IR-E-C-26785,PG,2022-23,30,4,,,2023-24,4,2,200000,0
IR-E-C-26785,PG,2023-24,30,2,,,2024-25,2,1,200000,0
IR-E-C-26797,UG,2020-21,450,58,2021-22,76,2023-24,53,49,300000,3
IR-E-C-26797,UG,2021-22,450,101,2022-23,53,2024-25,86,50,250000,4
IR-E-C-26797,PG,2022-23,13,4,,,2023-24,0,0,0,0
IR-E-C-26797,PG,2023-24,7,0,,,2024-25,0,0,0,0
IR-E-C-16488,UG,2019-20,480,171,2020-21,14,2022-23,159,127,300000,11
IR-E-C-16488,UG,2020-21,540,137,2021-22,16,2023-24,147,83,300000,6
IR-E-C-16488,UG,2021-22,300,197,2022-23,14,2024-25,154,131,300000,9
IR-E-C-16488,PG,2021-22,36,12,,,2022-23,10,0,0,0
IR-E-C-16488,PG,2022-23,24,0,,,2023-24,0,0,0,0
IR-E-C-16488,PG,2023-24,24,0,,,2024-25,0,0,0,0
IR-E-C-26795,UG,2020-21,555,232,2021-22,32,2023-24,184,140,550000,33
IR-E-C-26795,UG,2021-22,525,207,2022-23,37,2024-25,218,76,420000,22
IR-E-C-26795,PG,2022-23,126,93,,,2023-24,69,54,350000,0
IR-E-C-26795,PG,2023-24,126,114,,,2024-25,95,37,450000,0
IR-E-C-27041,UG,2021-22,570,333,2022-23,74,2024-25,277,255,560000,15
IR-E-C-27041,PG,2023-24,168,133,,,2024-25,60,58,600000,2
IR-E-C-16526,UG,2018-19,360,52,2019-20,2,2021-22,51,46,300000,2
IR-E-C-16526,UG,2019-20,300,86,2020-21,0,2022-23,75,72,450000,3
IR-E-C-16526,UG,2020-21,330,135,2021-22,2,2023-24,85,80,500000,5
IR-E-C-16526,PG,2020-21,36,1,,,2021-22,1,1,400000,0
IR-E-C-16526,PG,2021-22,36,4,,,2022-23,4,4,500000,0
IR-E-C-16526,PG,2022-23,36,5,,,2023-24,5,5,500000,0
IR-E-C-25028,UG,2020-21,420,336,2021-22,87,2023-24,172,166,420000,6
IR-E-C-25028,UG,2021-22,420,324,2022-23,53,2024-25,197,191,430000,6
IR-E-C-25028,PG,2022-23,18,5,,,2023-24,4,4,520000,0
IR-E-C-25028,PG,2023-24,27,6,,,2024-25,3,3,520000,0
IR-E-C-26807,UG,2020-21,300,228,2021-22,20,2023-24,94,64,245000,0
IR-E-C-26807,UG,2021-22,360,188,2022-23,7,2024-25,161,145,712714,12
IR-E-C-26807,PG,2022-23,45,4,,,2023-24,4,0,0,0
IR-E-C-26807,PG,2023-24,45,2,,,2024-25,2,2,450000,0
IR-E-C-16541,UG,2019-20,600,106,2020-21,13,2022-23,60,46,350000,8
IR-E-C-16541,UG,2020-21,420,126,2021-22,24,2023-24,94,92,360000,2
IR-E-C-16541,UG,2021-22,240,207,2022-23,12,2024-25,160,158,400000,2
IR-E-C-16541,PG,2021-22,36,17,,,2022-23,13,12,250000,1
IR-E-C-16541,PG,2022-23,36,20,,,2023-24,13,9,300000,2
IR-E-C-16541,PG,2023-24,36,23,,,2024-25,22,19,350000,2
IR-O-C-24992,UG,2018-19,480,259,2019-20,30,2021-22,251,39,311282,9
IR-O-C-24992,UG,2019-20,480,174,2020-21,137,2022-23,176,145,50000,5
IR-O-C-24992,UG,2020-21,480,194,2021-22,41,2023-24,177,143,350000,4
IR-O-C-24992,PG,2020-21,117,46,,,2021-22,33,9,240000,1
IR-O-C-24992,PG,2021-22,81,51,,,2022-23,45,24,324000,0
IR-O-C-24992,PG,2022-23,57,44,,,2023-24,38,32,280000,0
IR-O-C-37031,UG,2021-22,300,92,2022-23,11,2024-25,58,50,300000,2
IR-O-C-37031,PG,2023-24,87,30,,,2024-25,20,17,220000,0
